id,contract_id,reading_date,reading_value,created_at,updated_at
1cf19ca6-105c-406d-ad22-9d35694f66bd,2f6c2169-2228-4c13-a70d-3b36cdd7264f,2025-07-14,25.6,2025-07-14T02:32:51.700614,2025-07-14T02:32:51.700614
2b743b30-799f-4b9d-97f0-fa9ae5750f24,2f6c2169-2228-4c13-a70d-3b36cdd7264f,2025-07-13,16.78,2025-07-14T02:32:51.700614,2025-07-14T02:32:51.700614
63190515-c773-44b8-a8c0-c12876992d9b,2f6c2169-2228-4c13-a70d-3b36cdd7264f,2025-07-12,16.12,2025-07-14T02:32:51.700614,2025-07-14T02:32:51.700614
1c44d79f-ff77-4fb6-8685-d96e0ffcf9e4,2f6c2169-2228-4c13-a70d-3b36cdd7264f,2025-07-11,27.77,2025-07-14T02:32:51.700614,2025-07-14T02:32:51.700614
f37c45b4-9e80-4361-94ec-5a398c33e775,2f6c2169-2228-4c13-a70d-3b36cdd7264f,2025-07-10,21.84,2025-07-14T02:32:51.700614,2025-07-14T02:32:51.700614
f6e4ab52-10c4-4117-953d-bfa6d6be48f5,2f6c2169-2228-4c13-a70d-3b36cdd7264f,2025-07-09,24.69,2025-07-14T02:32:51.700614,2025-07-14T02:32:51.700614
14bfccb3-d3ce-4748-b256-5ee8f5899077,2f6c2169-2228-4c13-a70d-3b36cdd7264f,2025-07-08,16.39,2025-07-14T02:32:51.700614,2025-07-14T02:32:51.700614
e0244ff2-d140-4157-881f-ab0ebb8f2c69,2f6c2169-2228-4c13-a70d-3b36cdd7264f,2025-07-07,17.31,2025-07-14T02:32:51.700614,2025-07-14T02:32:51.700614
21da5657-fa88-4d9f-8e4e-bbba1a14a281,2f6c2169-2228-4c13-a70d-3b36cdd7264f,2025-07-06,16.28,2025-07-14T02:32:51.700614,2025-07-14T02:32:51.700614
ae2e3e76-0229-4cc2-8f12-7da286b46cdb,2f6c2169-2228-4c13-a70d-3b36cdd7264f,2025-07-05,25.77,2025-07-14T02:32:51.700614,2025-07-14T02:32:51.700614
39facbfd-d0c7-4ca9-9c70-3e07312b069a,2f6c2169-2228-4c13-a70d-3b36cdd7264f,2025-07-04,26.58,2025-07-14T02:32:51.700614,2025-07-14T02:32:51.700614
8267f276-cd52-4043-ae85-e54583b8b1da,2f6c2169-2228-4c13-a70d-3b36cdd7264f,2025-07-03,22.11,2025-07-14T02:32:51.700614,2025-07-14T02:32:51.700614
7d17081f-f731-4137-8351-8c6c5e8b159a,2f6c2169-2228-4c13-a70d-3b36cdd7264f,2025-07-02,31.82,2025-07-14T02:32:51.700614,2025-07-14T02:32:51.700614
f34433cd-faa4-40c1-8f87-3ae0a8ee379b,2f6c2169-2228-4c13-a70d-3b36cdd7264f,2025-07-01,16.75,2025-07-14T02:32:51.700614,2025-07-14T02:32:51.700614
133a7f11-240b-45f6-b4d3-c3686f866ce6,2f6c2169-2228-4c13-a70d-3b36cdd7264f,2025-06-30,25.28,2025-07-14T02:32:51.700614,2025-07-14T02:32:51.700614
9d92986e-e62c-43d1-8c9d-13551710ba0e,2f6c2169-2228-4c13-a70d-3b36cdd7264f,2025-06-29,11.22,2025-07-14T02:32:51.700614,2025-07-14T02:32:51.700614
c8fdb8f7-ae0a-48f0-a89d-efbcfc1fac08,2f6c2169-2228-4c13-a70d-3b36cdd7264f,2025-06-28,22.49,2025-07-14T02:32:51.700614,2025-07-14T02:32:51.700614
8fa7fd98-8fc9-47a5-bf4a-5a8aa62a887d,2f6c2169-2228-4c13-a70d-3b36cdd7264f,2025-06-27,20.43,2025-07-14T02:32:51.700614,2025-07-14T02:32:51.700614
e0a56984-03e8-49d7-97a3-8775e90a4059,2f6c2169-2228-4c13-a70d-3b36cdd7264f,2025-06-26,19.06,2025-07-14T02:32:51.700614,2025-07-14T02:32:51.700614
1f6af92b-4b74-4eaa-9ad1-db8fdd26f983,2f6c2169-2228-4c13-a70d-3b36cdd7264f,2025-06-25,22.3,2025-07-14T02:32:51.700614,2025-07-14T02:32:51.700614
04d0fc31-1b67-4edc-9127-0361b55a9074,2f6c2169-2228-4c13-a70d-3b36cdd7264f,2025-06-24,30.49,2025-07-14T02:32:51.700614,2025-07-14T02:32:51.700614
837bf9bd-742a-4cd7-8c08-f0e01e315882,2f6c2169-2228-4c13-a70d-3b36cdd7264f,2025-06-23,33.46,2025-07-14T02:32:51.700614,2025-07-14T02:32:51.700614
99da5b7f-c83a-4a43-acf2-37556eba69fc,2f6c2169-2228-4c13-a70d-3b36cdd7264f,2025-06-22,19.99,2025-07-14T02:32:51.700614,2025-07-14T02:32:51.700614
ffe8b687-5749-4f1a-be54-e48532f11686,2f6c2169-2228-4c13-a70d-3b36cdd7264f,2025-06-21,28.08,2025-07-14T02:32:51.700614,2025-07-14T02:32:51.700614
92a785ef-4bcf-47f9-a272-e8c8f620b95b,2f6c2169-2228-4c13-a70d-3b36cdd7264f,2025-06-20,23.98,2025-07-14T02:32:51.700614,2025-07-14T02:32:51.700614
976b6b90-630a-408f-99ef-0bfadfe161d8,2f6c2169-2228-4c13-a70d-3b36cdd7264f,2025-06-19,19.18,2025-07-14T02:32:51.700614,2025-07-14T02:32:51.700614
c8b27ab1-ca58-45b4-b759-fea68a289c9b,2f6c2169-2228-4c13-a70d-3b36cdd7264f,2025-06-18,26.19,2025-07-14T02:32:51.700614,2025-07-14T02:32:51.700614
f31fc35a-4ba7-49c7-82e7-262c8e520e28,2f6c2169-2228-4c13-a70d-3b36cdd7264f,2025-06-17,28.92,2025-07-14T02:32:51.700614,2025-07-14T02:32:51.700614
c11bca00-e5e9-4fae-a67a-a97a7b544a41,2f6c2169-2228-4c13-a70d-3b36cdd7264f,2025-06-16,18.76,2025-07-14T02:32:51.700614,2025-07-14T02:32:51.700614
f6a65eb2-402d-420e-a75e-84f7f50e3239,2f6c2169-2228-4c13-a70d-3b36cdd7264f,2025-06-15,28.69,2025-07-14T02:32:51.700614,2025-07-14T02:32:51.700614
451497bf-7049-4fed-b584-3ec455bcab1f,2f6c2169-2228-4c13-a70d-3b36cdd7264f,2025-06-14,18.94,2025-07-14T02:32:51.700614,2025-07-14T02:32:51.700614
df3b8933-b520-428f-ba59-df4f5108ecd6,2f6c2169-2228-4c13-a70d-3b36cdd7264f,2025-06-13,18.92,2025-07-14T02:32:51.700614,2025-07-14T02:32:51.700614
8a532031-2bdf-485f-a802-ba449b509b66,2f6c2169-2228-4c13-a70d-3b36cdd7264f,2025-06-12,26.94,2025-07-14T02:32:51.700614,2025-07-14T02:32:51.700614
b8a71308-eed8-4d47-8156-f0500729797a,2f6c2169-2228-4c13-a70d-3b36cdd7264f,2025-06-11,21.26,2025-07-14T02:32:51.700614,2025-07-14T02:32:51.700614
3954f27f-a139-4866-a9c4-523913af162f,2f6c2169-2228-4c13-a70d-3b36cdd7264f,2025-06-10,22.31,2025-07-14T02:32:51.700614,2025-07-14T02:32:51.700614
aedd95c4-7958-43d5-aa33-dd94916e3069,2f6c2169-2228-4c13-a70d-3b36cdd7264f,2025-06-09,12.58,2025-07-14T02:32:51.700614,2025-07-14T02:32:51.700614
29068402-609e-4a24-a93d-ca78a959a376,2f6c2169-2228-4c13-a70d-3b36cdd7264f,2025-06-08,20.94,2025-07-14T02:32:51.700614,2025-07-14T02:32:51.700614
8a6dbd7f-21d2-4ee2-9ee5-37900a307f72,2f6c2169-2228-4c13-a70d-3b36cdd7264f,2025-06-07,27.58,2025-07-14T02:32:51.700614,2025-07-14T02:32:51.700614
e03a8225-db03-4340-a2cb-0a783b986e99,2f6c2169-2228-4c13-a70d-3b36cdd7264f,2025-06-06,16.71,2025-07-14T02:32:51.700614,2025-07-14T02:32:51.700614
e896c46b-0b58-435a-985d-1cba4cd78868,2f6c2169-2228-4c13-a70d-3b36cdd7264f,2025-06-05,21.34,2025-07-14T02:32:51.700614,2025-07-14T02:32:51.700614
44d3b51e-a6f2-46db-837a-dc4e4ba500da,2f6c2169-2228-4c13-a70d-3b36cdd7264f,2025-06-04,25.2,2025-07-14T02:32:51.700614,2025-07-14T02:32:51.700614
53ae8e03-01e3-447b-b81d-f5b2de65ed0d,2f6c2169-2228-4c13-a70d-3b36cdd7264f,2025-06-03,15.3,2025-07-14T02:32:51.700614,2025-07-14T02:32:51.700614
db99bc00-e91e-4713-b8dd-ef1fdbeb4571,2f6c2169-2228-4c13-a70d-3b36cdd7264f,2025-06-02,28.07,2025-07-14T02:32:51.700614,2025-07-14T02:32:51.700614
9214f097-5c55-4618-a762-87e4d92b6ebe,2f6c2169-2228-4c13-a70d-3b36cdd7264f,2025-06-01,22.9,2025-07-14T02:32:51.700614,2025-07-14T02:32:51.700614
3bc44c64-4f71-40ef-96c3-0229164d3029,2f6c2169-2228-4c13-a70d-3b36cdd7264f,2025-05-31,14.91,2025-07-14T02:32:51.700614,2025-07-14T02:32:51.700614
202e9940-3b51-46e3-9ba2-e50f89f14dd8,2f6c2169-2228-4c13-a70d-3b36cdd7264f,2025-05-30,27.64,2025-07-14T02:32:51.700614,2025-07-14T02:32:51.700614
02c86536-f1ed-4e1d-a47f-babfa975e711,2f6c2169-2228-4c13-a70d-3b36cdd7264f,2025-05-29,18.45,2025-07-14T02:32:51.700614,2025-07-14T02:32:51.700614
9a271a60-837c-4226-aac0-86ae1f819111,2f6c2169-2228-4c13-a70d-3b36cdd7264f,2025-05-28,28.91,2025-07-14T02:32:51.700614,2025-07-14T02:32:51.700614
7e0eb8c3-4cec-4c43-91b3-7c27b189ccae,2f6c2169-2228-4c13-a70d-3b36cdd7264f,2025-05-27,20.88,2025-07-14T02:32:51.700614,2025-07-14T02:32:51.700614
5d3038ea-8289-4a58-9b6b-98b7f6c27e7e,2f6c2169-2228-4c13-a70d-3b36cdd7264f,2025-05-26,12.14,2025-07-14T02:32:51.700614,2025-07-14T02:32:51.700614
3d7a0239-0bbd-4503-a565-42d2e391c6db,2f6c2169-2228-4c13-a70d-3b36cdd7264f,2025-05-25,25.16,2025-07-14T02:32:51.700614,2025-07-14T02:32:51.700614
ebcc4473-4ccc-487d-b212-e8346a0b0b5d,2f6c2169-2228-4c13-a70d-3b36cdd7264f,2025-05-24,18.1,2025-07-14T02:32:51.700614,2025-07-14T02:32:51.700614
dcb40020-152d-4686-a6be-629851a80ec5,2f6c2169-2228-4c13-a70d-3b36cdd7264f,2025-05-23,22.96,2025-07-14T02:32:51.700614,2025-07-14T02:32:51.700614
7dd8729d-93b4-4966-86ce-1a6d760a54bb,2f6c2169-2228-4c13-a70d-3b36cdd7264f,2025-05-22,21.96,2025-07-14T02:32:51.700614,2025-07-14T02:32:51.700614
8f481d86-8d90-49cc-b904-91f82fe7bf2d,2f6c2169-2228-4c13-a70d-3b36cdd7264f,2025-05-21,29.34,2025-07-14T02:32:51.700614,2025-07-14T02:32:51.700614
9e9f0759-b5c9-40b0-aad2-a2cc304190de,2f6c2169-2228-4c13-a70d-3b36cdd7264f,2025-05-20,13.37,2025-07-14T02:32:51.700614,2025-07-14T02:32:51.700614
91958864-da2f-4ed3-bac7-14162a3d8f8d,2f6c2169-2228-4c13-a70d-3b36cdd7264f,2025-05-19,17.4,2025-07-14T02:32:51.700614,2025-07-14T02:32:51.700614
3f87e3fb-3f8d-491a-81de-d79b186763b0,2f6c2169-2228-4c13-a70d-3b36cdd7264f,2025-05-18,21.01,2025-07-14T02:32:51.700614,2025-07-14T02:32:51.700614
dc9aef0c-c2d9-4da4-b6c1-b1f1ea05817c,2f6c2169-2228-4c13-a70d-3b36cdd7264f,2025-05-17,15.74,2025-07-14T02:32:51.700614,2025-07-14T02:32:51.700614
74bea4ca-045a-4f36-b6af-d741fdbf0245,2f6c2169-2228-4c13-a70d-3b36cdd7264f,2025-05-16,17.87,2025-07-14T02:32:51.700614,2025-07-14T02:32:51.700614
de83d09a-ca34-4aa3-a7d4-f24b44116a70,2f6c2169-2228-4c13-a70d-3b36cdd7264f,2025-05-15,12.3,2025-07-14T02:32:51.700614,2025-07-14T02:32:51.700614
4e67b705-7558-4e90-bf18-ccab084b265d,2f6c2169-2228-4c13-a70d-3b36cdd7264f,2025-05-14,11.06,2025-07-14T02:32:51.700614,2025-07-14T02:32:51.700614
2689fb11-d4c0-45e4-a239-70dc270baeda,2f6c2169-2228-4c13-a70d-3b36cdd7264f,2025-05-13,21.1,2025-07-14T02:32:51.700614,2025-07-14T02:32:51.700614
c6074409-5655-490b-ae0f-d198b2e202c6,2f6c2169-2228-4c13-a70d-3b36cdd7264f,2025-05-12,24.96,2025-07-14T02:32:51.700614,2025-07-14T02:32:51.700614
40388032-1ce0-4495-9ef5-59d1bd520638,2f6c2169-2228-4c13-a70d-3b36cdd7264f,2025-05-11,17.75,2025-07-14T02:32:51.700614,2025-07-14T02:32:51.700614
40f64e90-1afd-474a-be8f-8113e4e43baa,2f6c2169-2228-4c13-a70d-3b36cdd7264f,2025-05-10,20.84,2025-07-14T02:32:51.700614,2025-07-14T02:32:51.700614
a2c7323a-c382-45f9-9398-181c24cbb8e7,2f6c2169-2228-4c13-a70d-3b36cdd7264f,2025-05-09,18.21,2025-07-14T02:32:51.700614,2025-07-14T02:32:51.700614
1a49e581-dab4-416e-ac57-0fcc406e61ad,2f6c2169-2228-4c13-a70d-3b36cdd7264f,2025-05-08,17.61,2025-07-14T02:32:51.700614,2025-07-14T02:32:51.700614
e2686634-a54f-4e3c-9982-a7ee21829d2c,2f6c2169-2228-4c13-a70d-3b36cdd7264f,2025-05-07,31.04,2025-07-14T02:32:51.700614,2025-07-14T02:32:51.700614
6a2e71c3-c01a-40dc-8e29-ffc149d681db,2f6c2169-2228-4c13-a70d-3b36cdd7264f,2025-05-06,10.29,2025-07-14T02:32:51.700614,2025-07-14T02:32:51.700614
a89a4bd5-3fb0-45c0-b552-620852a6840e,2f6c2169-2228-4c13-a70d-3b36cdd7264f,2025-05-05,20.52,2025-07-14T02:32:51.700614,2025-07-14T02:32:51.700614
93e15e76-8c63-41e1-9249-f8dd8bc25387,2f6c2169-2228-4c13-a70d-3b36cdd7264f,2025-05-04,18.1,2025-07-14T02:32:51.700614,2025-07-14T02:32:51.700614
28f3962d-65f7-41c6-af86-eadb731785ed,2f6c2169-2228-4c13-a70d-3b36cdd7264f,2025-05-03,18.49,2025-07-14T02:32:51.700614,2025-07-14T02:32:51.700614
77130882-3a96-491d-b11b-6ec0320c3951,2f6c2169-2228-4c13-a70d-3b36cdd7264f,2025-05-02,20.62,2025-07-14T02:32:51.700614,2025-07-14T02:32:51.700614
c97184d8-48a9-451f-aa6e-ddb8e94f7c71,2f6c2169-2228-4c13-a70d-3b36cdd7264f,2025-05-01,21.95,2025-07-14T02:32:51.700614,2025-07-14T02:32:51.700614
d9712231-5dc1-4fd7-91f5-4d6d5c18b6ae,2f6c2169-2228-4c13-a70d-3b36cdd7264f,2025-04-30,23.11,2025-07-14T02:32:51.700614,2025-07-14T02:32:51.700614
1877326b-c7fa-46ea-ad45-884bde706df4,2f6c2169-2228-4c13-a70d-3b36cdd7264f,2025-04-29,20.37,2025-07-14T02:32:51.700614,2025-07-14T02:32:51.700614
920ce404-32cc-45ea-bb9c-99dbbd639dbb,2f6c2169-2228-4c13-a70d-3b36cdd7264f,2025-04-28,19.46,2025-07-14T02:32:51.700614,2025-07-14T02:32:51.700614
ed57cefa-8564-4d5f-956a-799513f4140e,2f6c2169-2228-4c13-a70d-3b36cdd7264f,2025-04-27,28.68,2025-07-14T02:32:51.700614,2025-07-14T02:32:51.700614
12f46904-454f-45c4-abbb-08dd489fbec6,2f6c2169-2228-4c13-a70d-3b36cdd7264f,2025-04-26,14.42,2025-07-14T02:32:51.700614,2025-07-14T02:32:51.700614
59e7df0f-6d01-40b3-8f73-9ff10299765d,2f6c2169-2228-4c13-a70d-3b36cdd7264f,2025-04-25,16.82,2025-07-14T02:32:51.700614,2025-07-14T02:32:51.700614
9e058fa9-7f9b-45a0-941a-a5d33e6e5134,2f6c2169-2228-4c13-a70d-3b36cdd7264f,2025-04-24,19.78,2025-07-14T02:32:51.700614,2025-07-14T02:32:51.700614
04b15cc3-62c6-4639-b49c-d0decf8b8aa1,2f6c2169-2228-4c13-a70d-3b36cdd7264f,2025-04-23,21.69,2025-07-14T02:32:51.700614,2025-07-14T02:32:51.700614
088a3a1d-1026-494f-88ad-caf26105d570,2f6c2169-2228-4c13-a70d-3b36cdd7264f,2025-04-22,21.03,2025-07-14T02:32:51.700614,2025-07-14T02:32:51.700614
686fcd1f-f832-4376-87a3-215a92c05ad6,2f6c2169-2228-4c13-a70d-3b36cdd7264f,2025-04-21,21.15,2025-07-14T02:32:51.700614,2025-07-14T02:32:51.700614
bc248042-9cff-4a01-b7fa-0ad8b2d8d9c8,2f6c2169-2228-4c13-a70d-3b36cdd7264f,2025-04-20,17.66,2025-07-14T02:32:51.700614,2025-07-14T02:32:51.700614
41906839-eaa5-4627-af95-d9ff0f479ca3,2f6c2169-2228-4c13-a70d-3b36cdd7264f,2025-04-19,16.86,2025-07-14T02:32:51.700614,2025-07-14T02:32:51.700614
e4ade303-f515-4d32-b49d-1251a3c26d09,2f6c2169-2228-4c13-a70d-3b36cdd7264f,2025-04-18,18.28,2025-07-14T02:32:51.700614,2025-07-14T02:32:51.700614
d55ebaf9-3477-4230-894f-4af1f9c9eb3b,2f6c2169-2228-4c13-a70d-3b36cdd7264f,2025-04-17,18.37,2025-07-14T02:32:51.700614,2025-07-14T02:32:51.700614
3b25603d-c9cc-447f-8b82-ecc74962b480,2f6c2169-2228-4c13-a70d-3b36cdd7264f,2025-04-16,25.05,2025-07-14T02:32:51.700614,2025-07-14T02:32:51.700614
96a631ec-f070-4567-90aa-627132f19063,c3ac0814-b856-4e70-b3fa-11f3972f7412,2025-07-14,63.69,2025-07-14T02:32:51.700614,2025-07-14T02:32:51.700614
cc5a9ff5-bfc2-40a1-a76f-2f5369ad1586,c3ac0814-b856-4e70-b3fa-11f3972f7412,2025-07-13,63.61,2025-07-14T02:32:51.700614,2025-07-14T02:32:51.700614
40f26e33-4673-402c-8c7b-462147aef657,c3ac0814-b856-4e70-b3fa-11f3972f7412,2025-07-12,74.84,2025-07-14T02:32:51.700614,2025-07-14T02:32:51.700614
bda3b336-3055-4877-a6f7-43767edbae3a,c3ac0814-b856-4e70-b3fa-11f3972f7412,2025-07-11,76.63,2025-07-14T02:32:51.700614,2025-07-14T02:32:51.700614
700beb25-3983-4781-95c8-f9d3b97552d6,c3ac0814-b856-4e70-b3fa-11f3972f7412,2025-07-10,69.5,2025-07-14T02:32:51.700614,2025-07-14T02:32:51.700614
f70a1c8a-b1a7-4017-8385-095245e0a4a4,c3ac0814-b856-4e70-b3fa-11f3972f7412,2025-07-09,66.1,2025-07-14T02:32:51.700614,2025-07-14T02:32:51.700614
299e458a-594f-467f-8f26-375fa3ca7c4c,c3ac0814-b856-4e70-b3fa-11f3972f7412,2025-07-08,76.47,2025-07-14T02:32:51.700614,2025-07-14T02:32:51.700614
553ce174-da66-4619-b32c-b34a26914639,c3ac0814-b856-4e70-b3fa-11f3972f7412,2025-07-07,72.42,2025-07-14T02:32:51.700614,2025-07-14T02:32:51.700614
e2b688bf-de89-46ec-82f2-2de4457ecb44,c3ac0814-b856-4e70-b3fa-11f3972f7412,2025-07-06,63.23,2025-07-14T02:32:51.700614,2025-07-14T02:32:51.700614
7e7abd49-0816-4cb4-98d0-bf699228c372,c3ac0814-b856-4e70-b3fa-11f3972f7412,2025-07-05,74.67,2025-07-14T02:32:51.700614,2025-07-14T02:32:51.700614
b07e5227-1d2d-4782-b93e-0042703fd348,c3ac0814-b856-4e70-b3fa-11f3972f7412,2025-07-04,71.92,2025-07-14T02:32:51.700614,2025-07-14T02:32:51.700614
c0e948d1-0817-46b4-a43a-247870889a5f,c3ac0814-b856-4e70-b3fa-11f3972f7412,2025-07-03,69.13,2025-07-14T02:32:51.700614,2025-07-14T02:32:51.700614
63f1fc49-f8ee-49c1-aa4b-4ce40ad93113,c3ac0814-b856-4e70-b3fa-11f3972f7412,2025-07-02,72.9,2025-07-14T02:32:51.700614,2025-07-14T02:32:51.700614
391f25ff-15ec-4136-815c-323e954ac22c,c3ac0814-b856-4e70-b3fa-11f3972f7412,2025-07-01,64.47,2025-07-14T02:32:51.700614,2025-07-14T02:32:51.700614
c42a13ac-e51b-433c-bed1-fc7f97e7eee1,c3ac0814-b856-4e70-b3fa-11f3972f7412,2025-06-30,81.11,2025-07-14T02:32:51.700614,2025-07-14T02:32:51.700614
10962a5e-0f24-47ff-9ad1-0ffdd3a1b237,c3ac0814-b856-4e70-b3fa-11f3972f7412,2025-06-29,61.75,2025-07-14T02:32:51.700614,2025-07-14T02:32:51.700614
c9fd1fd4-c01c-4926-b006-67a3a0eab102,c3ac0814-b856-4e70-b3fa-11f3972f7412,2025-06-28,64.49,2025-07-14T02:32:51.700614,2025-07-14T02:32:51.700614
025a6a2b-8198-45c0-bb4a-938cc3c69ebc,c3ac0814-b856-4e70-b3fa-11f3972f7412,2025-06-27,71.82,2025-07-14T02:32:51.700614,2025-07-14T02:32:51.700614
837d6a74-0419-4ca0-b4f9-926f5d43ea67,c3ac0814-b856-4e70-b3fa-11f3972f7412,2025-06-26,67.85,2025-07-14T02:32:51.700614,2025-07-14T02:32:51.700614
3c9be15b-aa88-4a5c-ae7a-75f7d989447c,c3ac0814-b856-4e70-b3fa-11f3972f7412,2025-06-25,61.82,2025-07-14T02:32:51.700614,2025-07-14T02:32:51.700614
90f67dea-1104-4ef5-9c5c-1edc9b9bd54b,c3ac0814-b856-4e70-b3fa-11f3972f7412,2025-06-24,63.25,2025-07-14T02:32:51.700614,2025-07-14T02:32:51.700614
867aa840-d9fd-462c-924b-c4d8cbb93897,c3ac0814-b856-4e70-b3fa-11f3972f7412,2025-06-23,63.26,2025-07-14T02:32:51.700614,2025-07-14T02:32:51.700614
36861085-56d1-4922-bc76-10837b1fbd1d,c3ac0814-b856-4e70-b3fa-11f3972f7412,2025-06-22,62.45,2025-07-14T02:32:51.700614,2025-07-14T02:32:51.700614
6d549a73-9fc4-4cc5-bb7d-a41d80cc0931,c3ac0814-b856-4e70-b3fa-11f3972f7412,2025-06-21,68.8,2025-07-14T02:32:51.700614,2025-07-14T02:32:51.700614
7d055bf6-3417-408e-b2e4-91cece82d221,c3ac0814-b856-4e70-b3fa-11f3972f7412,2025-06-20,64.92,2025-07-14T02:32:51.700614,2025-07-14T02:32:51.700614
1fd2f6cf-732e-4dbc-a5ed-b0279c2f8174,c3ac0814-b856-4e70-b3fa-11f3972f7412,2025-06-19,67.03,2025-07-14T02:32:51.700614,2025-07-14T02:32:51.700614
5adf8349-8e8b-4c37-9704-77b68b762537,c3ac0814-b856-4e70-b3fa-11f3972f7412,2025-06-18,63.45,2025-07-14T02:32:51.700614,2025-07-14T02:32:51.700614
bc2b3c96-bf4d-4c08-96b6-0aab1c3bb34a,c3ac0814-b856-4e70-b3fa-11f3972f7412,2025-06-17,70.07,2025-07-14T02:32:51.700614,2025-07-14T02:32:51.700614
b6bfe00e-6a57-43f2-8fa0-33317000c478,c3ac0814-b856-4e70-b3fa-11f3972f7412,2025-06-16,68.04,2025-07-14T02:32:51.700614,2025-07-14T02:32:51.700614
83365a80-25f6-4e9f-be13-109a6539275c,c3ac0814-b856-4e70-b3fa-11f3972f7412,2025-06-15,66.52,2025-07-14T02:32:51.700614,2025-07-14T02:32:51.700614
d265a5f0-4589-4c8d-ad4c-fb011f30e56b,c3ac0814-b856-4e70-b3fa-11f3972f7412,2025-06-14,74.64,2025-07-14T02:32:51.700614,2025-07-14T02:32:51.700614
35eed35b-f155-4574-960a-fcf72f85f19d,c3ac0814-b856-4e70-b3fa-11f3972f7412,2025-06-13,66.83,2025-07-14T02:32:51.700614,2025-07-14T02:32:51.700614
3fc8d0ff-9da9-40b0-b245-bb3bdb91238c,c3ac0814-b856-4e70-b3fa-11f3972f7412,2025-06-12,62.38,2025-07-14T02:32:51.700614,2025-07-14T02:32:51.700614
b331fe25-bea9-42d5-a259-317ad7e91ae1,c3ac0814-b856-4e70-b3fa-11f3972f7412,2025-06-11,58.39,2025-07-14T02:32:51.700614,2025-07-14T02:32:51.700614
ddbb8727-80a8-4183-b367-0c13bcdf5928,c3ac0814-b856-4e70-b3fa-11f3972f7412,2025-06-10,73.81,2025-07-14T02:32:51.700614,2025-07-14T02:32:51.700614
f52778c8-ab0b-4f09-b85d-8f5c5fdadb24,c3ac0814-b856-4e70-b3fa-11f3972f7412,2025-06-09,69.25,2025-07-14T02:32:51.700614,2025-07-14T02:32:51.700614
d879354e-cd16-4991-ba91-64795dfb237f,c3ac0814-b856-4e70-b3fa-11f3972f7412,2025-06-08,79.45,2025-07-14T02:32:51.700614,2025-07-14T02:32:51.700614
6c229b8a-9a92-40fb-b79f-65d8674952d6,c3ac0814-b856-4e70-b3fa-11f3972f7412,2025-06-07,71.08,2025-07-14T02:32:51.700614,2025-07-14T02:32:51.700614
71cb70aa-1e79-42c2-9efc-afc77873d90c,c3ac0814-b856-4e70-b3fa-11f3972f7412,2025-06-06,61.65,2025-07-14T02:32:51.700614,2025-07-14T02:32:51.700614
61109f69-f6f2-4b8c-828d-07be2ed4845a,c3ac0814-b856-4e70-b3fa-11f3972f7412,2025-06-05,72.99,2025-07-14T02:32:51.700614,2025-07-14T02:32:51.700614
62f3e59d-e23c-4ec5-92cc-aba85e3358a2,c3ac0814-b856-4e70-b3fa-11f3972f7412,2025-06-04,69.13,2025-07-14T02:32:51.700614,2025-07-14T02:32:51.700614
8d41cbf6-1f97-42a2-9e34-2dd69933a0eb,c3ac0814-b856-4e70-b3fa-11f3972f7412,2025-06-03,63.63,2025-07-14T02:32:51.700614,2025-07-14T02:32:51.700614
9a8a227c-fe49-4489-94c5-20e7eea0ac4d,c3ac0814-b856-4e70-b3fa-11f3972f7412,2025-06-02,72.63,2025-07-14T02:32:51.700614,2025-07-14T02:32:51.700614
4fe3872c-4048-4488-bc53-216855924f8b,c3ac0814-b856-4e70-b3fa-11f3972f7412,2025-06-01,68.54,2025-07-14T02:32:51.700614,2025-07-14T02:32:51.700614
6579b20d-f89b-484d-a12b-a44720f58b4c,c3ac0814-b856-4e70-b3fa-11f3972f7412,2025-05-31,65.24,2025-07-14T02:32:51.700614,2025-07-14T02:32:51.700614
3ae19e3e-9644-4d31-8df3-34ad7d42afec,c3ac0814-b856-4e70-b3fa-11f3972f7412,2025-05-30,67.22,2025-07-14T02:32:51.700614,2025-07-14T02:32:51.700614
b8dda3fd-fad8-4cbc-ae36-b5c861bd57ee,c3ac0814-b856-4e70-b3fa-11f3972f7412,2025-05-29,66.43,2025-07-14T02:32:51.700614,2025-07-14T02:32:51.700614
fee15573-fc1e-452f-b567-8c501f68f3f8,c3ac0814-b856-4e70-b3fa-11f3972f7412,2025-05-28,72.55,2025-07-14T02:32:51.700614,2025-07-14T02:32:51.700614
fc2aaa2b-2de1-4346-a296-303aba2c4ad2,c3ac0814-b856-4e70-b3fa-11f3972f7412,2025-05-27,68.27,2025-07-14T02:32:51.700614,2025-07-14T02:32:51.700614
59774431-0a91-4db1-8ac2-9a2c47abde11,c3ac0814-b856-4e70-b3fa-11f3972f7412,2025-05-26,68.31,2025-07-14T02:32:51.700614,2025-07-14T02:32:51.700614
6cc9768d-1b9d-48d8-96d2-313c7e18ae83,c3ac0814-b856-4e70-b3fa-11f3972f7412,2025-05-25,66.12,2025-07-14T02:32:51.700614,2025-07-14T02:32:51.700614
abe842db-cfe6-44bc-82c3-b5c104431bce,c3ac0814-b856-4e70-b3fa-11f3972f7412,2025-05-24,73.81,2025-07-14T02:32:51.700614,2025-07-14T02:32:51.700614
1c604254-4ef0-4cad-ad48-77b0494e9874,c3ac0814-b856-4e70-b3fa-11f3972f7412,2025-05-23,81.33,2025-07-14T02:32:51.700614,2025-07-14T02:32:51.700614
08fb4bd9-40fb-4afa-a08c-3103b792ad33,c3ac0814-b856-4e70-b3fa-11f3972f7412,2025-05-22,65.67,2025-07-14T02:32:51.700614,2025-07-14T02:32:51.700614
ecb82b45-0386-4692-80b4-d2a308fd1a95,c3ac0814-b856-4e70-b3fa-11f3972f7412,2025-05-21,73.77,2025-07-14T02:32:51.700614,2025-07-14T02:32:51.700614
315802c4-4f88-40c8-b232-69f711761315,c3ac0814-b856-4e70-b3fa-11f3972f7412,2025-05-20,61.62,2025-07-14T02:32:51.700614,2025-07-14T02:32:51.700614
607b02f4-8a81-4d1e-b1df-5105d97998ba,c3ac0814-b856-4e70-b3fa-11f3972f7412,2025-05-19,64.17,2025-07-14T02:32:51.700614,2025-07-14T02:32:51.700614
1b30f9d0-cd82-4b33-ba6b-939c3aadf8fc,c3ac0814-b856-4e70-b3fa-11f3972f7412,2025-05-18,62.4,2025-07-14T02:32:51.700614,2025-07-14T02:32:51.700614
e5a79479-59e7-40e5-aa77-ce2f7668e76b,c3ac0814-b856-4e70-b3fa-11f3972f7412,2025-05-17,63.76,2025-07-14T02:32:51.700614,2025-07-14T02:32:51.700614
50dafaea-590a-44dd-8e49-2c6149609747,c3ac0814-b856-4e70-b3fa-11f3972f7412,2025-05-16,70.19,2025-07-14T02:32:51.700614,2025-07-14T02:32:51.700614
70c66781-1a7e-45bb-bf1a-5e3b1717ec0a,c3ac0814-b856-4e70-b3fa-11f3972f7412,2025-05-15,64.4,2025-07-14T02:32:51.700614,2025-07-14T02:32:51.700614
a770e5f1-bf4b-4754-a4c6-2a77c9f4eee1,c3ac0814-b856-4e70-b3fa-11f3972f7412,2025-05-14,64.9,2025-07-14T02:32:51.700614,2025-07-14T02:32:51.700614
90b1bd05-1f20-4c83-b57f-c3a627b9fe99,c3ac0814-b856-4e70-b3fa-11f3972f7412,2025-05-13,76.71,2025-07-14T02:32:51.700614,2025-07-14T02:32:51.700614
d30d93ba-dcaf-4e48-98d8-387d42118f4c,c3ac0814-b856-4e70-b3fa-11f3972f7412,2025-05-12,68.12,2025-07-14T02:32:51.700614,2025-07-14T02:32:51.700614
72846cc5-def3-4e26-a5af-7742cbb9cc90,c3ac0814-b856-4e70-b3fa-11f3972f7412,2025-05-11,71.46,2025-07-14T02:32:51.700614,2025-07-14T02:32:51.700614
03cb0995-5d99-47b4-8995-d088aad159da,c3ac0814-b856-4e70-b3fa-11f3972f7412,2025-05-10,69.89,2025-07-14T02:32:51.700614,2025-07-14T02:32:51.700614
b6caddc4-fbdd-40e5-80a4-4c1a5294a643,c3ac0814-b856-4e70-b3fa-11f3972f7412,2025-05-09,61.42,2025-07-14T02:32:51.700614,2025-07-14T02:32:51.700614
46847800-6549-44cb-80ea-f1ab1625bcf0,c3ac0814-b856-4e70-b3fa-11f3972f7412,2025-05-08,69.17,2025-07-14T02:32:51.700614,2025-07-14T02:32:51.700614
f9566e9a-0365-4e3e-809c-732b29610e3a,c3ac0814-b856-4e70-b3fa-11f3972f7412,2025-05-07,73.66,2025-07-14T02:32:51.700614,2025-07-14T02:32:51.700614
eec21f22-f052-4549-8878-e5269a413c59,c3ac0814-b856-4e70-b3fa-11f3972f7412,2025-05-06,72.27,2025-07-14T02:32:51.700614,2025-07-14T02:32:51.700614
5a72c15d-c46e-4275-8967-58fbfa3673e9,c3ac0814-b856-4e70-b3fa-11f3972f7412,2025-05-05,70.38,2025-07-14T02:32:51.700614,2025-07-14T02:32:51.700614
2528ffa9-6209-4e77-9f8a-18ee5b7f715d,c3ac0814-b856-4e70-b3fa-11f3972f7412,2025-05-04,75.95,2025-07-14T02:32:51.700614,2025-07-14T02:32:51.700614
9630af7f-ce83-4ead-afbd-b415d217ab46,c3ac0814-b856-4e70-b3fa-11f3972f7412,2025-05-03,67.04,2025-07-14T02:32:51.700614,2025-07-14T02:32:51.700614
e8b39349-3d8a-4e31-95a7-2c72f4f4fb41,c3ac0814-b856-4e70-b3fa-11f3972f7412,2025-05-02,67.07,2025-07-14T02:32:51.700614,2025-07-14T02:32:51.700614
7f505bd1-ef1a-4c58-ac7e-b78ed08e065b,c3ac0814-b856-4e70-b3fa-11f3972f7412,2025-05-01,78.23,2025-07-14T02:32:51.700614,2025-07-14T02:32:51.700614
c71b6f4b-a88e-46f1-a78c-b01164fd645f,c3ac0814-b856-4e70-b3fa-11f3972f7412,2025-04-30,68.17,2025-07-14T02:32:51.700614,2025-07-14T02:32:51.700614
d74f4ef1-2e6f-4914-9401-5ccf1fcc45c8,c3ac0814-b856-4e70-b3fa-11f3972f7412,2025-04-29,73.44,2025-07-14T02:32:51.700614,2025-07-14T02:32:51.700614
8868c1dc-981c-47ef-a3e2-790be5ab1b00,c3ac0814-b856-4e70-b3fa-11f3972f7412,2025-04-28,64.44,2025-07-14T02:32:51.700614,2025-07-14T02:32:51.700614
3cc8a4d9-45c4-446d-8fb4-ca4e15e04a37,c3ac0814-b856-4e70-b3fa-11f3972f7412,2025-04-27,76.85,2025-07-14T02:32:51.700614,2025-07-14T02:32:51.700614
3427bdc0-62af-4ca5-a178-1f164f4a3a88,c3ac0814-b856-4e70-b3fa-11f3972f7412,2025-04-26,73.07,2025-07-14T02:32:51.700614,2025-07-14T02:32:51.700614
28675411-4f33-44b1-8b80-084f0d84aab1,c3ac0814-b856-4e70-b3fa-11f3972f7412,2025-04-25,73.5,2025-07-14T02:32:51.700614,2025-07-14T02:32:51.700614
66722458-e444-456d-b0d5-4ea18dd99a6e,c3ac0814-b856-4e70-b3fa-11f3972f7412,2025-04-24,68.01,2025-07-14T02:32:51.700614,2025-07-14T02:32:51.700614
c10b44ec-1bb4-4d08-91d4-6da49d02704e,c3ac0814-b856-4e70-b3fa-11f3972f7412,2025-04-23,68.62,2025-07-14T02:32:51.700614,2025-07-14T02:32:51.700614
b70b2035-c074-414b-81ec-51ee6bf941cf,c3ac0814-b856-4e70-b3fa-11f3972f7412,2025-04-22,67.14,2025-07-14T02:32:51.700614,2025-07-14T02:32:51.700614
9bca956a-1c80-4685-a9bc-90ca1ce798fb,c3ac0814-b856-4e70-b3fa-11f3972f7412,2025-04-21,65.62,2025-07-14T02:32:51.700614,2025-07-14T02:32:51.700614
b2f1beab-bd90-4e1e-995a-7c1de5c57408,c3ac0814-b856-4e70-b3fa-11f3972f7412,2025-04-20,71.39,2025-07-14T02:32:51.700614,2025-07-14T02:32:51.700614
b263a7fa-81c5-4bb8-82ab-e7e89e571159,c3ac0814-b856-4e70-b3fa-11f3972f7412,2025-04-19,69.45,2025-07-14T02:32:51.700614,2025-07-14T02:32:51.700614
0ac8455d-6444-4730-bea7-4aa2b0a21c3e,c3ac0814-b856-4e70-b3fa-11f3972f7412,2025-04-18,72.36,2025-07-14T02:32:51.700614,2025-07-14T02:32:51.700614
cf7860fb-0331-49be-9579-d3ec483353e9,c3ac0814-b856-4e70-b3fa-11f3972f7412,2025-04-17,55.71,2025-07-14T02:32:51.700614,2025-07-14T02:32:51.700614
a00bc727-7110-461c-8468-0ee51ac88d53,c3ac0814-b856-4e70-b3fa-11f3972f7412,2025-04-16,54.61,2025-07-14T02:32:51.700614,2025-07-14T02:32:51.700614
9596254d-bf32-44d7-b476-5b9b2c31ba19,b5491fad-ad8e-43ab-ab92-a25e1099c5e6,2025-07-14,80.37,2025-07-14T02:32:51.700614,2025-07-14T02:32:51.700614
90e8f0d8-a6ae-4064-b15c-e8eb0503a805,b5491fad-ad8e-43ab-ab92-a25e1099c5e6,2025-07-13,72.67,2025-07-14T02:32:51.700614,2025-07-14T02:32:51.700614
50d889e1-d273-4766-a8d5-80e248d6b6f6,b5491fad-ad8e-43ab-ab92-a25e1099c5e6,2025-07-12,72.16,2025-07-14T02:32:51.700614,2025-07-14T02:32:51.700614
754d6a48-8072-4dc6-a747-606d5ceadc3e,b5491fad-ad8e-43ab-ab92-a25e1099c5e6,2025-07-11,72.1,2025-07-14T02:32:51.700614,2025-07-14T02:32:51.700614
bc41bcfb-de15-4f9d-9475-92ddc34b38e5,b5491fad-ad8e-43ab-ab92-a25e1099c5e6,2025-07-10,69.45,2025-07-14T02:32:51.700614,2025-07-14T02:32:51.700614
4071aac5-cef6-4fad-b27d-4149406cf39d,b5491fad-ad8e-43ab-ab92-a25e1099c5e6,2025-07-09,69.9,2025-07-14T02:32:51.700614,2025-07-14T02:32:51.700614
d7e1e3c9-210d-4220-b88c-5a16b0305c00,b5491fad-ad8e-43ab-ab92-a25e1099c5e6,2025-07-08,74.64,2025-07-14T02:32:51.700614,2025-07-14T02:32:51.700614
430050b1-af80-48ca-94cc-d4552e149f82,b5491fad-ad8e-43ab-ab92-a25e1099c5e6,2025-07-07,78.16,2025-07-14T02:32:51.700614,2025-07-14T02:32:51.700614
6dc3aede-08ba-4e5b-8ff8-db2a7499d884,b5491fad-ad8e-43ab-ab92-a25e1099c5e6,2025-07-06,75.56,2025-07-14T02:32:51.700614,2025-07-14T02:32:51.700614
c7936f88-7cec-44b9-9250-2abb13b93118,b5491fad-ad8e-43ab-ab92-a25e1099c5e6,2025-07-05,76.38,2025-07-14T02:32:51.700614,2025-07-14T02:32:51.700614
17aec519-57dc-4c06-a8ad-90524c9deec1,b5491fad-ad8e-43ab-ab92-a25e1099c5e6,2025-07-04,68.81,2025-07-14T02:32:51.700614,2025-07-14T02:32:51.700614
feedabbc-e3c5-465d-b236-61e07d073410,b5491fad-ad8e-43ab-ab92-a25e1099c5e6,2025-07-03,76.46,2025-07-14T02:32:51.700614,2025-07-14T02:32:51.700614
e8478517-4de2-4bfa-aab5-2abcc90d0611,b5491fad-ad8e-43ab-ab92-a25e1099c5e6,2025-07-02,76.27,2025-07-14T02:32:51.700614,2025-07-14T02:32:51.700614
273034ac-f195-4b60-9625-c7c59b881338,b5491fad-ad8e-43ab-ab92-a25e1099c5e6,2025-07-01,71.22,2025-07-14T02:32:51.700614,2025-07-14T02:32:51.700614
21b4ab1b-2ae4-4c01-b65c-f6dbdcf98088,b5491fad-ad8e-43ab-ab92-a25e1099c5e6,2025-06-30,80.7,2025-07-14T02:32:51.700614,2025-07-14T02:32:51.700614
d585cbc5-5b85-4baf-b154-7820c78a9e87,b5491fad-ad8e-43ab-ab92-a25e1099c5e6,2025-06-29,75.92,2025-07-14T02:32:51.700614,2025-07-14T02:32:51.700614
bf51d77e-6080-4606-8483-27b13c4b4605,b5491fad-ad8e-43ab-ab92-a25e1099c5e6,2025-06-28,68.93,2025-07-14T02:32:51.700614,2025-07-14T02:32:51.700614
52ab7632-6e61-4814-923a-8ed971799769,b5491fad-ad8e-43ab-ab92-a25e1099c5e6,2025-06-27,73.36,2025-07-14T02:32:51.700614,2025-07-14T02:32:51.700614
eca7cc10-707b-4067-ae2e-ff488fd11cef,b5491fad-ad8e-43ab-ab92-a25e1099c5e6,2025-06-26,75.73,2025-07-14T02:32:51.700614,2025-07-14T02:32:51.700614
1eff0cb0-b8ac-4ffe-aa70-8a32ee5c35b7,b5491fad-ad8e-43ab-ab92-a25e1099c5e6,2025-06-25,69.98,2025-07-14T02:32:51.700614,2025-07-14T02:32:51.700614
fd9f68db-172e-4cdc-97e9-2c43dc54bdc7,b5491fad-ad8e-43ab-ab92-a25e1099c5e6,2025-06-24,68.26,2025-07-14T02:32:51.700614,2025-07-14T02:32:51.700614
46884cc4-b839-4c02-8fc8-4f62b43ab099,b5491fad-ad8e-43ab-ab92-a25e1099c5e6,2025-06-23,81.08,2025-07-14T02:32:51.700614,2025-07-14T02:32:51.700614
b8bdaf5f-41e4-4229-bf55-cbde8e206e3f,b5491fad-ad8e-43ab-ab92-a25e1099c5e6,2025-06-22,70.63,2025-07-14T02:32:51.700614,2025-07-14T02:32:51.700614
b651eef4-3ef3-4f2f-a021-8969bd38b584,b5491fad-ad8e-43ab-ab92-a25e1099c5e6,2025-06-21,76.04,2025-07-14T02:32:51.700614,2025-07-14T02:32:51.700614
747ed79b-2593-46a0-8c73-c5077e5500fc,b5491fad-ad8e-43ab-ab92-a25e1099c5e6,2025-06-20,75.31,2025-07-14T02:32:51.700614,2025-07-14T02:32:51.700614
895298ea-efb0-4a7d-9f2a-9828efa8073d,b5491fad-ad8e-43ab-ab92-a25e1099c5e6,2025-06-19,80.72,2025-07-14T02:32:51.700614,2025-07-14T02:32:51.700614
c4139c8d-8f97-411f-8076-99cc521762d9,b5491fad-ad8e-43ab-ab92-a25e1099c5e6,2025-06-18,75.79,2025-07-14T02:32:51.700614,2025-07-14T02:32:51.700614
cec325a8-3c49-47b3-a5e5-3e705978a4c1,b5491fad-ad8e-43ab-ab92-a25e1099c5e6,2025-06-17,66.79,2025-07-14T02:32:51.700614,2025-07-14T02:32:51.700614
1eedb5f8-cfaa-490a-8d48-bbfbe031dbd9,b5491fad-ad8e-43ab-ab92-a25e1099c5e6,2025-06-16,71.87,2025-07-14T02:32:51.700614,2025-07-14T02:32:51.700614
7300f4ae-218a-4c86-8417-9215a8304a0c,b5491fad-ad8e-43ab-ab92-a25e1099c5e6,2025-06-15,71.83,2025-07-14T02:32:51.700614,2025-07-14T02:32:51.700614
df099187-3330-4f27-bf1d-8027fff1e674,b5491fad-ad8e-43ab-ab92-a25e1099c5e6,2025-06-14,73.02,2025-07-14T02:32:51.700614,2025-07-14T02:32:51.700614
c6d1bda5-dc4d-4077-b827-837e579661b9,b5491fad-ad8e-43ab-ab92-a25e1099c5e6,2025-06-13,79.48,2025-07-14T02:32:51.700614,2025-07-14T02:32:51.700614
3dda5958-875c-440b-afb1-8047946e37c4,b5491fad-ad8e-43ab-ab92-a25e1099c5e6,2025-06-12,75.63,2025-07-14T02:32:51.700614,2025-07-14T02:32:51.700614
e0d89256-cd76-4258-a74a-e055b556b9b9,b5491fad-ad8e-43ab-ab92-a25e1099c5e6,2025-06-11,74.71,2025-07-14T02:32:51.700614,2025-07-14T02:32:51.700614
ed9a0e3d-844f-4732-8dcf-fb075843156e,b5491fad-ad8e-43ab-ab92-a25e1099c5e6,2025-06-10,72.9,2025-07-14T02:32:51.700614,2025-07-14T02:32:51.700614
1bc5b786-042d-4ea5-963d-5d55f6672528,b5491fad-ad8e-43ab-ab92-a25e1099c5e6,2025-06-09,70.2,2025-07-14T02:32:51.700614,2025-07-14T02:32:51.700614
913e4dbc-0a8a-4818-b35a-b83099173f56,b5491fad-ad8e-43ab-ab92-a25e1099c5e6,2025-06-08,74.31,2025-07-14T02:32:51.700614,2025-07-14T02:32:51.700614
e12ab887-501e-4f94-9d9a-5772a4679323,b5491fad-ad8e-43ab-ab92-a25e1099c5e6,2025-06-07,70.24,2025-07-14T02:32:51.700614,2025-07-14T02:32:51.700614
07a69782-1c5b-4b08-a426-86064559e81e,b5491fad-ad8e-43ab-ab92-a25e1099c5e6,2025-06-06,71.14,2025-07-14T02:32:51.700614,2025-07-14T02:32:51.700614
d22e20e8-bd27-4911-b5b9-10faa355c6f2,b5491fad-ad8e-43ab-ab92-a25e1099c5e6,2025-06-05,76.57,2025-07-14T02:32:51.700614,2025-07-14T02:32:51.700614
44a30684-8448-4d8e-a9c3-4a90da3477d7,b5491fad-ad8e-43ab-ab92-a25e1099c5e6,2025-06-04,75.96,2025-07-14T02:32:51.700614,2025-07-14T02:32:51.700614
0cddcd91-511f-434f-ae58-e765b0a63832,b5491fad-ad8e-43ab-ab92-a25e1099c5e6,2025-06-03,78.47,2025-07-14T02:32:51.700614,2025-07-14T02:32:51.700614
913382f7-3f81-4f03-ad71-dbe628f10f68,b5491fad-ad8e-43ab-ab92-a25e1099c5e6,2025-06-02,87.5,2025-07-14T02:32:51.700614,2025-07-14T02:32:51.700614
bac04c5f-647d-40f8-bd1e-15ca5f8e75eb,b5491fad-ad8e-43ab-ab92-a25e1099c5e6,2025-06-01,67.22,2025-07-14T02:32:51.700614,2025-07-14T02:32:51.700614
b0a81891-0b1f-4287-acff-b05e363300a3,b5491fad-ad8e-43ab-ab92-a25e1099c5e6,2025-05-31,66.57,2025-07-14T02:32:51.700614,2025-07-14T02:32:51.700614
37e3e3c2-cead-4065-9a48-963880168a97,b5491fad-ad8e-43ab-ab92-a25e1099c5e6,2025-05-30,74.12,2025-07-14T02:32:51.700614,2025-07-14T02:32:51.700614
e64c3f3e-d718-4a77-b611-f659a806043b,b5491fad-ad8e-43ab-ab92-a25e1099c5e6,2025-05-29,70.31,2025-07-14T02:32:51.700614,2025-07-14T02:32:51.700614
a747d6e7-bb54-400b-a16d-a3d1b6f678a0,b5491fad-ad8e-43ab-ab92-a25e1099c5e6,2025-05-28,72.46,2025-07-14T02:32:51.700614,2025-07-14T02:32:51.700614
a1ef9d95-0c74-4173-a3b2-7d3a511d931e,b5491fad-ad8e-43ab-ab92-a25e1099c5e6,2025-05-27,79.35,2025-07-14T02:32:51.700614,2025-07-14T02:32:51.700614
19568c1b-af4e-4d1d-8f56-81ae48011cdc,b5491fad-ad8e-43ab-ab92-a25e1099c5e6,2025-05-26,72.91,2025-07-14T02:32:51.700614,2025-07-14T02:32:51.700614
9c5314f2-3868-4c5e-a8af-fb9f3cd97643,b5491fad-ad8e-43ab-ab92-a25e1099c5e6,2025-05-25,71.88,2025-07-14T02:32:51.700614,2025-07-14T02:32:51.700614
d65b31a7-0816-41f2-9cfc-7ed03b744919,b5491fad-ad8e-43ab-ab92-a25e1099c5e6,2025-05-24,76.83,2025-07-14T02:32:51.700614,2025-07-14T02:32:51.700614
377425cb-b4f8-47f3-bb4f-037437ee5fd5,b5491fad-ad8e-43ab-ab92-a25e1099c5e6,2025-05-23,75.08,2025-07-14T02:32:51.700614,2025-07-14T02:32:51.700614
a8ed0f70-3221-4466-a3ba-71b9e6b9ed06,b5491fad-ad8e-43ab-ab92-a25e1099c5e6,2025-05-22,79.79,2025-07-14T02:32:51.700614,2025-07-14T02:32:51.700614
db49ac5b-5b57-4bcd-a2d0-ea15627f1626,b5491fad-ad8e-43ab-ab92-a25e1099c5e6,2025-05-21,71.62,2025-07-14T02:32:51.700614,2025-07-14T02:32:51.700614
c3de196d-bd25-4892-9ea7-2d3694502dd7,b5491fad-ad8e-43ab-ab92-a25e1099c5e6,2025-05-20,71.52,2025-07-14T02:32:51.700614,2025-07-14T02:32:51.700614
dab0d4de-2d13-4c0e-9723-54a4c9d91716,b5491fad-ad8e-43ab-ab92-a25e1099c5e6,2025-05-19,72.73,2025-07-14T02:32:51.700614,2025-07-14T02:32:51.700614
a64b2720-3341-4c5e-b3e9-cec037a0701d,b5491fad-ad8e-43ab-ab92-a25e1099c5e6,2025-05-18,75.47,2025-07-14T02:32:51.700614,2025-07-14T02:32:51.700614
4b50c7f6-b03f-45c0-9535-8704ff99094f,b5491fad-ad8e-43ab-ab92-a25e1099c5e6,2025-05-17,77.07,2025-07-14T02:32:51.700614,2025-07-14T02:32:51.700614
ea0d8f4e-a953-4925-8891-10d1ff51ba79,b5491fad-ad8e-43ab-ab92-a25e1099c5e6,2025-05-16,67.48,2025-07-14T02:32:51.700614,2025-07-14T02:32:51.700614
a25344fd-ab14-43d8-aa57-f7f545f55c7c,b5491fad-ad8e-43ab-ab92-a25e1099c5e6,2025-05-15,69.45,2025-07-14T02:32:51.700614,2025-07-14T02:32:51.700614
192058ea-4d99-49e1-9b3a-6d8c9158f8a8,b5491fad-ad8e-43ab-ab92-a25e1099c5e6,2025-05-14,73.65,2025-07-14T02:32:51.700614,2025-07-14T02:32:51.700614
7ae5f2dd-08b5-4a5b-9b6b-26a40c851f80,b5491fad-ad8e-43ab-ab92-a25e1099c5e6,2025-05-13,76.04,2025-07-14T02:32:51.700614,2025-07-14T02:32:51.700614
e1b46d75-bafd-4ec3-8ebc-75a1bb97e764,b5491fad-ad8e-43ab-ab92-a25e1099c5e6,2025-05-12,76.59,2025-07-14T02:32:51.700614,2025-07-14T02:32:51.700614
45dc8b49-20bb-4871-8761-7d59e4d9f834,b5491fad-ad8e-43ab-ab92-a25e1099c5e6,2025-05-11,78.61,2025-07-14T02:32:51.700614,2025-07-14T02:32:51.700614
b75f9340-c9fc-41d9-b9aa-5ea29f811ca7,b5491fad-ad8e-43ab-ab92-a25e1099c5e6,2025-05-10,73.2,2025-07-14T02:32:51.700614,2025-07-14T02:32:51.700614
9ef7afd7-0157-4d73-aaa1-a6e6a46e393b,b5491fad-ad8e-43ab-ab92-a25e1099c5e6,2025-05-09,76.56,2025-07-14T02:32:51.700614,2025-07-14T02:32:51.700614
e10809f4-9092-4c07-8d97-f8016642de17,b5491fad-ad8e-43ab-ab92-a25e1099c5e6,2025-05-08,76.63,2025-07-14T02:32:51.700614,2025-07-14T02:32:51.700614
a91cd785-b40d-4497-a0d7-20832cedb564,b5491fad-ad8e-43ab-ab92-a25e1099c5e6,2025-05-07,72.63,2025-07-14T02:32:51.700614,2025-07-14T02:32:51.700614
c145e573-de04-4b81-948a-7cd62e82e64b,b5491fad-ad8e-43ab-ab92-a25e1099c5e6,2025-05-06,71.11,2025-07-14T02:32:51.700614,2025-07-14T02:32:51.700614
535b5265-4937-43d9-b369-8f5c3c16c7c9,b5491fad-ad8e-43ab-ab92-a25e1099c5e6,2025-05-05,75.29,2025-07-14T02:32:51.700614,2025-07-14T02:32:51.700614
b167101a-9a9e-4126-8fd4-9af2fa35f3ed,b5491fad-ad8e-43ab-ab92-a25e1099c5e6,2025-05-04,60.48,2025-07-14T02:32:51.700614,2025-07-14T02:32:51.700614
a318ab33-9ba1-4db4-a8dc-a8eee1db2e97,b5491fad-ad8e-43ab-ab92-a25e1099c5e6,2025-05-03,76.98,2025-07-14T02:32:51.700614,2025-07-14T02:32:51.700614
deab4b61-417c-4bb1-b893-237358bd74a6,b5491fad-ad8e-43ab-ab92-a25e1099c5e6,2025-05-02,69.19,2025-07-14T02:32:51.700614,2025-07-14T02:32:51.700614
4db895f4-3d65-409e-a24e-a3a35dbe84f8,b5491fad-ad8e-43ab-ab92-a25e1099c5e6,2025-05-01,74.03,2025-07-14T02:32:51.700614,2025-07-14T02:32:51.700614
a37323ac-e8f4-4b1a-8268-bc6b563aa013,b5491fad-ad8e-43ab-ab92-a25e1099c5e6,2025-04-30,71.47,2025-07-14T02:32:51.700614,2025-07-14T02:32:51.700614
a1339ad7-b988-455c-bdb6-965b3e093780,b5491fad-ad8e-43ab-ab92-a25e1099c5e6,2025-04-29,63.54,2025-07-14T02:32:51.700614,2025-07-14T02:32:51.700614
c3db774e-1a2a-4cd9-85a8-1e45033f7e3c,b5491fad-ad8e-43ab-ab92-a25e1099c5e6,2025-04-28,68.29,2025-07-14T02:32:51.700614,2025-07-14T02:32:51.700614
c944aa1d-d0d8-4967-a902-31c5357731e0,b5491fad-ad8e-43ab-ab92-a25e1099c5e6,2025-04-27,72.22,2025-07-14T02:32:51.700614,2025-07-14T02:32:51.700614
dfc03466-e2f5-4e5e-84ee-3dc7d3d4c0ef,b5491fad-ad8e-43ab-ab92-a25e1099c5e6,2025-04-26,72.97,2025-07-14T02:32:51.700614,2025-07-14T02:32:51.700614
91f7fc55-9421-4fb5-b5b8-151222f7bf46,b5491fad-ad8e-43ab-ab92-a25e1099c5e6,2025-04-25,69.59,2025-07-14T02:32:51.700614,2025-07-14T02:32:51.700614
89516bc4-a319-4f6d-abfa-19f8a558ff82,b5491fad-ad8e-43ab-ab92-a25e1099c5e6,2025-04-24,80.08,2025-07-14T02:32:51.700614,2025-07-14T02:32:51.700614
be710f58-6579-4c74-95b5-6df1cc334b20,b5491fad-ad8e-43ab-ab92-a25e1099c5e6,2025-04-23,75.63,2025-07-14T02:32:51.700614,2025-07-14T02:32:51.700614
12b59355-4aff-4d52-b181-29d6abdd1c20,b5491fad-ad8e-43ab-ab92-a25e1099c5e6,2025-04-22,71.77,2025-07-14T02:32:51.700614,2025-07-14T02:32:51.700614
05925654-e7ee-4927-804b-725a44ee2405,b5491fad-ad8e-43ab-ab92-a25e1099c5e6,2025-04-21,80.1,2025-07-14T02:32:51.700614,2025-07-14T02:32:51.700614
0846903d-8d57-45a5-9395-26c7b3972ca9,b5491fad-ad8e-43ab-ab92-a25e1099c5e6,2025-04-20,71.24,2025-07-14T02:32:51.700614,2025-07-14T02:32:51.700614
1ea19a86-a375-461b-a985-e03a522c3162,b5491fad-ad8e-43ab-ab92-a25e1099c5e6,2025-04-19,82.7,2025-07-14T02:32:51.700614,2025-07-14T02:32:51.700614
c00d6773-55f6-4c25-b103-ca1980f5e172,b5491fad-ad8e-43ab-ab92-a25e1099c5e6,2025-04-18,72.78,2025-07-14T02:32:51.700614,2025-07-14T02:32:51.700614
1a98d7b5-9724-4aab-a988-8f8adb2495f8,b5491fad-ad8e-43ab-ab92-a25e1099c5e6,2025-04-17,84.19,2025-07-14T02:32:51.700614,2025-07-14T02:32:51.700614
632edc3f-5524-4235-89c1-32a33461e3ca,b5491fad-ad8e-43ab-ab92-a25e1099c5e6,2025-04-16,67.34,2025-07-14T02:32:51.700614,2025-07-14T02:32:51.700614
82fc2326-5721-4cc3-aa1f-978471b5f381,b363523a-4ec4-40d8-9391-f1a140aa9658,2025-07-14,76.46,2025-07-14T02:32:51.700614,2025-07-14T02:32:51.700614
3e92da9b-5584-43d3-a593-9e25a7a772bb,b363523a-4ec4-40d8-9391-f1a140aa9658,2025-07-13,76.88,2025-07-14T02:32:51.700614,2025-07-14T02:32:51.700614
9aae6753-44be-45d7-875b-37428f5a735e,b363523a-4ec4-40d8-9391-f1a140aa9658,2025-07-12,66.59,2025-07-14T02:32:51.700614,2025-07-14T02:32:51.700614
fb59400a-c5ac-4ce2-885a-e82c336feb3e,b363523a-4ec4-40d8-9391-f1a140aa9658,2025-07-11,73.8,2025-07-14T02:32:51.700614,2025-07-14T02:32:51.700614
fdf0d72c-dcb7-40cf-881c-dfba2f0b144f,b363523a-4ec4-40d8-9391-f1a140aa9658,2025-07-10,60.57,2025-07-14T02:32:51.700614,2025-07-14T02:32:51.700614
8b861dff-c369-4308-a481-535023d5ec23,b363523a-4ec4-40d8-9391-f1a140aa9658,2025-07-09,71.32,2025-07-14T02:32:51.700614,2025-07-14T02:32:51.700614
3788f0f3-a02c-4ca5-9a7a-359be0977378,b363523a-4ec4-40d8-9391-f1a140aa9658,2025-07-08,82.41,2025-07-14T02:32:51.700614,2025-07-14T02:32:51.700614
78a7a5cd-5a32-45f0-9e51-2ba734a545ef,b363523a-4ec4-40d8-9391-f1a140aa9658,2025-07-07,72.05,2025-07-14T02:32:51.700614,2025-07-14T02:32:51.700614
49736daa-7874-422f-98d7-066d7f138d7b,b363523a-4ec4-40d8-9391-f1a140aa9658,2025-07-06,71.58,2025-07-14T02:32:51.700614,2025-07-14T02:32:51.700614
34ca68a7-e7f2-45e3-a2dc-a9190b8b2052,b363523a-4ec4-40d8-9391-f1a140aa9658,2025-07-05,76.86,2025-07-14T02:32:51.700614,2025-07-14T02:32:51.700614
b8efa2fc-2868-4691-852d-318010cf60a9,b363523a-4ec4-40d8-9391-f1a140aa9658,2025-07-04,71.64,2025-07-14T02:32:51.700614,2025-07-14T02:32:51.700614
96c1df0c-a1ad-4e33-9c71-dbba626c8628,b363523a-4ec4-40d8-9391-f1a140aa9658,2025-07-03,70.21,2025-07-14T02:32:51.700614,2025-07-14T02:32:51.700614
a976fb8c-b2d1-47fd-b092-60bb0efcb288,b363523a-4ec4-40d8-9391-f1a140aa9658,2025-07-02,72.1,2025-07-14T02:32:51.700614,2025-07-14T02:32:51.700614
9b95e986-34bf-4749-8f5b-890eb2d1b7b9,b363523a-4ec4-40d8-9391-f1a140aa9658,2025-07-01,74.67,2025-07-14T02:32:51.700614,2025-07-14T02:32:51.700614
4a24b53e-2796-44a5-937a-8d20dda5d89f,b363523a-4ec4-40d8-9391-f1a140aa9658,2025-06-30,77.96,2025-07-14T02:32:51.700614,2025-07-14T02:32:51.700614
a3276dd1-a5ae-45a9-9928-a7827735c318,b363523a-4ec4-40d8-9391-f1a140aa9658,2025-06-29,80.59,2025-07-14T02:32:51.700614,2025-07-14T02:32:51.700614
fd2828cf-c7d3-4aad-ae7a-bef7192b5395,b363523a-4ec4-40d8-9391-f1a140aa9658,2025-06-28,72.82,2025-07-14T02:32:51.700614,2025-07-14T02:32:51.700614
1dda3224-a475-4702-91ce-6021cff45a1f,b363523a-4ec4-40d8-9391-f1a140aa9658,2025-06-27,66.27,2025-07-14T02:32:51.700614,2025-07-14T02:32:51.700614
ce1e81a6-8bf0-437a-879d-fad78d07e80c,b363523a-4ec4-40d8-9391-f1a140aa9658,2025-06-26,74.34,2025-07-14T02:32:51.700614,2025-07-14T02:32:51.700614
e1b01418-e6cb-4379-8f05-9504df7ea321,b363523a-4ec4-40d8-9391-f1a140aa9658,2025-06-25,77.78,2025-07-14T02:32:51.700614,2025-07-14T02:32:51.700614
955ac168-fa57-48d2-915e-fb9093b0c072,b363523a-4ec4-40d8-9391-f1a140aa9658,2025-06-24,74.71,2025-07-14T02:32:51.700614,2025-07-14T02:32:51.700614
14420ecb-2e2c-4c4e-a971-5c98e0ef7a3c,b363523a-4ec4-40d8-9391-f1a140aa9658,2025-06-23,73.66,2025-07-14T02:32:51.700614,2025-07-14T02:32:51.700614
39a3b1d7-ed26-4621-a092-3c60d7ce8682,b363523a-4ec4-40d8-9391-f1a140aa9658,2025-06-22,76.34,2025-07-14T02:32:51.700614,2025-07-14T02:32:51.700614
9d0732fd-9878-47e8-9bf6-dc4fe1a09f95,b363523a-4ec4-40d8-9391-f1a140aa9658,2025-06-21,67.83,2025-07-14T02:32:51.700614,2025-07-14T02:32:51.700614
24cc1691-3805-445a-a104-dd8edf43dba3,b363523a-4ec4-40d8-9391-f1a140aa9658,2025-06-20,78.56,2025-07-14T02:32:51.700614,2025-07-14T02:32:51.700614
d7fdb53f-69bb-4fd2-9757-5b14cf01ddfa,b363523a-4ec4-40d8-9391-f1a140aa9658,2025-06-19,73.58,2025-07-14T02:32:51.700614,2025-07-14T02:32:51.700614
d1112f85-c8fa-4fb3-94ff-24bc7995049f,b363523a-4ec4-40d8-9391-f1a140aa9658,2025-06-18,66.33,2025-07-14T02:32:51.700614,2025-07-14T02:32:51.700614
816ce7e8-7bbc-4a54-b5ec-262d860ecb58,b363523a-4ec4-40d8-9391-f1a140aa9658,2025-06-17,70.72,2025-07-14T02:32:51.700614,2025-07-14T02:32:51.700614
3ce5a4f3-7b77-4d65-9465-f92e7a6cbba5,b363523a-4ec4-40d8-9391-f1a140aa9658,2025-06-16,65.73,2025-07-14T02:32:51.700614,2025-07-14T02:32:51.700614
fc47ca9b-4aba-4db3-90bf-5f4df5074dae,b363523a-4ec4-40d8-9391-f1a140aa9658,2025-06-15,75.62,2025-07-14T02:32:51.700614,2025-07-14T02:32:51.700614
b777e239-0574-4a30-9ecd-1c1cdd95e64f,b363523a-4ec4-40d8-9391-f1a140aa9658,2025-06-14,69.86,2025-07-14T02:32:51.700614,2025-07-14T02:32:51.700614
fefc69c1-1813-4892-9b7d-10925f1c583c,b363523a-4ec4-40d8-9391-f1a140aa9658,2025-06-13,70.49,2025-07-14T02:32:51.700614,2025-07-14T02:32:51.700614
4fc4223d-1a99-4b0b-8e8b-7857297dea3c,b363523a-4ec4-40d8-9391-f1a140aa9658,2025-06-12,73.61,2025-07-14T02:32:51.700614,2025-07-14T02:32:51.700614
7afa6057-640f-4afd-8cf6-d975ee8d9bc7,b363523a-4ec4-40d8-9391-f1a140aa9658,2025-06-11,73.42,2025-07-14T02:32:51.700614,2025-07-14T02:32:51.700614
8190264f-b059-40d3-b638-42de372f9425,b363523a-4ec4-40d8-9391-f1a140aa9658,2025-06-10,70.88,2025-07-14T02:32:51.700614,2025-07-14T02:32:51.700614
15a0e966-f453-46cd-95d9-6fc262534c7f,b363523a-4ec4-40d8-9391-f1a140aa9658,2025-06-09,73.41,2025-07-14T02:32:51.700614,2025-07-14T02:32:51.700614
8502886e-b2fe-4fcb-ac37-0fbfa10d8d7b,b363523a-4ec4-40d8-9391-f1a140aa9658,2025-06-08,71.16,2025-07-14T02:32:51.700614,2025-07-14T02:32:51.700614
183a7734-c8a4-428e-a911-78970a2e44e7,b363523a-4ec4-40d8-9391-f1a140aa9658,2025-06-07,63.7,2025-07-14T02:32:51.700614,2025-07-14T02:32:51.700614
ba65a792-35ac-4051-b497-9f7ec68c3e0d,b363523a-4ec4-40d8-9391-f1a140aa9658,2025-06-06,77.1,2025-07-14T02:32:51.700614,2025-07-14T02:32:51.700614
69a265d4-f6da-4d7a-a9b7-00a7cf72f39e,b363523a-4ec4-40d8-9391-f1a140aa9658,2025-06-05,74.87,2025-07-14T02:32:51.700614,2025-07-14T02:32:51.700614
6ca843a8-6fd6-4a76-adbd-c17cd458f3ba,b363523a-4ec4-40d8-9391-f1a140aa9658,2025-06-04,68.6,2025-07-14T02:32:51.700614,2025-07-14T02:32:51.700614
b88cc71a-5042-44f7-8c74-29cdfc3480fc,b363523a-4ec4-40d8-9391-f1a140aa9658,2025-06-03,65.47,2025-07-14T02:32:51.700614,2025-07-14T02:32:51.700614
439a42d7-c5e4-45a4-99ac-3bbab147969c,b363523a-4ec4-40d8-9391-f1a140aa9658,2025-06-02,75.45,2025-07-14T02:32:51.700614,2025-07-14T02:32:51.700614
3bcea4d8-663f-4133-aea8-9e2917100afe,b363523a-4ec4-40d8-9391-f1a140aa9658,2025-06-01,73.25,2025-07-14T02:32:51.700614,2025-07-14T02:32:51.700614
dc9fffbc-1cf7-4d5c-8a4b-e5eb02bc9d0b,b363523a-4ec4-40d8-9391-f1a140aa9658,2025-05-31,71.69,2025-07-14T02:32:51.700614,2025-07-14T02:32:51.700614
87b9fda8-1aee-4a58-9d52-271f9312b94e,b363523a-4ec4-40d8-9391-f1a140aa9658,2025-05-30,76.91,2025-07-14T02:32:51.700614,2025-07-14T02:32:51.700614
4cf4d20d-bf41-453e-97af-92db792ebc68,b363523a-4ec4-40d8-9391-f1a140aa9658,2025-05-29,64.65,2025-07-14T02:32:51.700614,2025-07-14T02:32:51.700614
51ae1d8d-1c89-4524-b42e-d1df55c2be5f,b363523a-4ec4-40d8-9391-f1a140aa9658,2025-05-28,62.02,2025-07-14T02:32:51.700614,2025-07-14T02:32:51.700614
667537f2-5847-4557-9a8c-aa78b5c1a9dc,b363523a-4ec4-40d8-9391-f1a140aa9658,2025-05-27,63.46,2025-07-14T02:32:51.700614,2025-07-14T02:32:51.700614
929c6d27-4c52-4faf-a17a-07367b057af2,b363523a-4ec4-40d8-9391-f1a140aa9658,2025-05-26,66.38,2025-07-14T02:32:51.700614,2025-07-14T02:32:51.700614
aa6ca6cf-291e-4818-b206-850b96260af4,b363523a-4ec4-40d8-9391-f1a140aa9658,2025-05-25,69.94,2025-07-14T02:32:51.700614,2025-07-14T02:32:51.700614
979cb073-1834-4334-a606-a8105403ba9f,b363523a-4ec4-40d8-9391-f1a140aa9658,2025-05-24,75.41,2025-07-14T02:32:51.700614,2025-07-14T02:32:51.700614
7049cfa6-05f3-48c7-a717-e59aa2cb0623,b363523a-4ec4-40d8-9391-f1a140aa9658,2025-05-23,79.21,2025-07-14T02:32:51.700614,2025-07-14T02:32:51.700614
13145039-5cd5-412f-ba19-108c6c84a648,b363523a-4ec4-40d8-9391-f1a140aa9658,2025-05-22,71.14,2025-07-14T02:32:51.700614,2025-07-14T02:32:51.700614
a0cb3edd-39f8-4ab8-bd9d-3ab26159c10f,b363523a-4ec4-40d8-9391-f1a140aa9658,2025-05-21,71.38,2025-07-14T02:32:51.700614,2025-07-14T02:32:51.700614
c74dbdf6-3733-4d6e-be87-d57ab1e9e3cd,b363523a-4ec4-40d8-9391-f1a140aa9658,2025-05-20,70.98,2025-07-14T02:32:51.700614,2025-07-14T02:32:51.700614
aa240544-4945-426b-af37-e5079b0462fa,b363523a-4ec4-40d8-9391-f1a140aa9658,2025-05-19,69.61,2025-07-14T02:32:51.700614,2025-07-14T02:32:51.700614
b2fbd5a3-3a3e-4fdb-a8d4-f1f7bd55e28f,b363523a-4ec4-40d8-9391-f1a140aa9658,2025-05-18,74.67,2025-07-14T02:32:51.700614,2025-07-14T02:32:51.700614
04269089-a539-4b55-8183-bf36eb87e911,b363523a-4ec4-40d8-9391-f1a140aa9658,2025-05-17,63.67,2025-07-14T02:32:51.700614,2025-07-14T02:32:51.700614
b8b886af-4788-4554-9a9f-d7d76a21b380,b363523a-4ec4-40d8-9391-f1a140aa9658,2025-05-16,66.94,2025-07-14T02:32:51.700614,2025-07-14T02:32:51.700614
81b07f71-a82f-48d9-bd90-ac410953b721,b363523a-4ec4-40d8-9391-f1a140aa9658,2025-05-15,65.18,2025-07-14T02:32:51.700614,2025-07-14T02:32:51.700614
685522d5-9509-40a1-9dac-6032ee2edd95,b363523a-4ec4-40d8-9391-f1a140aa9658,2025-05-14,73.75,2025-07-14T02:32:51.700614,2025-07-14T02:32:51.700614
c63d9bf1-223a-4239-a286-7a6a573fc79d,b363523a-4ec4-40d8-9391-f1a140aa9658,2025-05-13,68.2,2025-07-14T02:32:51.700614,2025-07-14T02:32:51.700614
343daa90-829c-4120-a0dc-2889203ae5bb,b363523a-4ec4-40d8-9391-f1a140aa9658,2025-05-12,74.8,2025-07-14T02:32:51.700614,2025-07-14T02:32:51.700614
6a1d248e-7322-436b-8963-38d022f4a006,b363523a-4ec4-40d8-9391-f1a140aa9658,2025-05-11,71.27,2025-07-14T02:32:51.700614,2025-07-14T02:32:51.700614
ddc2338d-ec28-428a-8ae3-167bd3bdb440,b363523a-4ec4-40d8-9391-f1a140aa9658,2025-05-10,64.07,2025-07-14T02:32:51.700614,2025-07-14T02:32:51.700614
23cb060e-af6d-4bcf-aeb1-c0bf7f024593,b363523a-4ec4-40d8-9391-f1a140aa9658,2025-05-09,65.89,2025-07-14T02:32:51.700614,2025-07-14T02:32:51.700614
bbbf5800-33b1-426b-ae5d-6675aa1222fc,b363523a-4ec4-40d8-9391-f1a140aa9658,2025-05-08,67.83,2025-07-14T02:32:51.700614,2025-07-14T02:32:51.700614
c09d7de6-5ffe-4d02-9704-19b819db0111,b363523a-4ec4-40d8-9391-f1a140aa9658,2025-05-07,74.8,2025-07-14T02:32:51.700614,2025-07-14T02:32:51.700614
831993a6-b1f7-4af3-bcf7-6f65f51be9c8,b363523a-4ec4-40d8-9391-f1a140aa9658,2025-05-06,78.78,2025-07-14T02:32:51.700614,2025-07-14T02:32:51.700614
38e91ba2-9843-4366-bac9-c48b9199bcfd,b363523a-4ec4-40d8-9391-f1a140aa9658,2025-05-05,68.98,2025-07-14T02:32:51.700614,2025-07-14T02:32:51.700614
00943a6f-7936-4614-ba96-5fabe3e75ca1,b363523a-4ec4-40d8-9391-f1a140aa9658,2025-05-04,80.71,2025-07-14T02:32:51.700614,2025-07-14T02:32:51.700614
76b2369b-53b4-4b7e-8016-8e4f4807f43d,b363523a-4ec4-40d8-9391-f1a140aa9658,2025-05-03,75.25,2025-07-14T02:32:51.700614,2025-07-14T02:32:51.700614
47b74859-0b6b-4136-9e4c-6052d41edb01,b363523a-4ec4-40d8-9391-f1a140aa9658,2025-05-02,64.04,2025-07-14T02:32:51.700614,2025-07-14T02:32:51.700614
bd22c723-0610-4781-b892-1b367e2eefef,b363523a-4ec4-40d8-9391-f1a140aa9658,2025-05-01,80.97,2025-07-14T02:32:51.700614,2025-07-14T02:32:51.700614
21a31892-b72f-4a00-80f3-241f1ba3c60b,b363523a-4ec4-40d8-9391-f1a140aa9658,2025-04-30,80.74,2025-07-14T02:32:51.700614,2025-07-14T02:32:51.700614
a84d9d8f-30b3-4f74-9bb7-50cfefbe3f47,b363523a-4ec4-40d8-9391-f1a140aa9658,2025-04-29,78.16,2025-07-14T02:32:51.700614,2025-07-14T02:32:51.700614
d70a63a6-8562-49dc-b126-a1f1158dc532,b363523a-4ec4-40d8-9391-f1a140aa9658,2025-04-28,71.49,2025-07-14T02:32:51.700614,2025-07-14T02:32:51.700614
9e63fe99-7d76-4531-b83d-f46a05d24ed4,b363523a-4ec4-40d8-9391-f1a140aa9658,2025-04-27,75.13,2025-07-14T02:32:51.700614,2025-07-14T02:32:51.700614
61c42eb0-8987-4fd8-b628-ad8f07790c1c,b363523a-4ec4-40d8-9391-f1a140aa9658,2025-04-26,75.82,2025-07-14T02:32:51.700614,2025-07-14T02:32:51.700614
60df31ac-10c5-40e5-9620-bc5e25792f6c,b363523a-4ec4-40d8-9391-f1a140aa9658,2025-04-25,65.02,2025-07-14T02:32:51.700614,2025-07-14T02:32:51.700614
20fbbad9-bd8f-472f-9de5-9f1c0ce24bde,b363523a-4ec4-40d8-9391-f1a140aa9658,2025-04-24,77.34,2025-07-14T02:32:51.700614,2025-07-14T02:32:51.700614
a611dd57-c9db-47b1-8e0b-ab6e4b1adc4f,b363523a-4ec4-40d8-9391-f1a140aa9658,2025-04-23,71.62,2025-07-14T02:32:51.700614,2025-07-14T02:32:51.700614
0fe232ec-3f7a-44d9-a9cb-72a6469c4bef,b363523a-4ec4-40d8-9391-f1a140aa9658,2025-04-22,76.2,2025-07-14T02:32:51.700614,2025-07-14T02:32:51.700614
0726e01a-4b57-4e87-bb07-4ae36e41d528,b363523a-4ec4-40d8-9391-f1a140aa9658,2025-04-21,77.13,2025-07-14T02:32:51.700614,2025-07-14T02:32:51.700614
2fa5a731-4867-4963-a6f2-8fbddd51c8b1,b363523a-4ec4-40d8-9391-f1a140aa9658,2025-04-20,70.71,2025-07-14T02:32:51.700614,2025-07-14T02:32:51.700614
1e0e9322-1bcc-4cab-8181-0af0fd97f812,b363523a-4ec4-40d8-9391-f1a140aa9658,2025-04-19,67.23,2025-07-14T02:32:51.700614,2025-07-14T02:32:51.700614
a574f522-10cc-4680-a055-84fb575ad4d4,b363523a-4ec4-40d8-9391-f1a140aa9658,2025-04-18,68.66,2025-07-14T02:32:51.700614,2025-07-14T02:32:51.700614
f81608a6-c35b-44c6-8b4d-6087f786344d,b363523a-4ec4-40d8-9391-f1a140aa9658,2025-04-17,72.65,2025-07-14T02:32:51.700614,2025-07-14T02:32:51.700614
6e65508c-f53f-499f-94dd-61c437fd1edc,b363523a-4ec4-40d8-9391-f1a140aa9658,2025-04-16,78.01,2025-07-14T02:32:51.700614,2025-07-14T02:32:51.700614
0ea89f92-acd9-4192-a4c3-cd81558e1f64,7962a773-25a0-40e4-979b-ee38d1a51df0,2025-07-14,66.81,2025-07-14T02:32:51.700614,2025-07-14T02:32:51.700614
7b229986-3e34-4b46-af7b-5d01e47ed021,7962a773-25a0-40e4-979b-ee38d1a51df0,2025-07-13,61.05,2025-07-14T02:32:51.700614,2025-07-14T02:32:51.700614
4cf0c9fb-25ac-49ee-b25b-6ffdf16f0c0d,7962a773-25a0-40e4-979b-ee38d1a51df0,2025-07-12,71.72,2025-07-14T02:32:51.700614,2025-07-14T02:32:51.700614
30006006-0cb2-4df6-946c-ab89df419d3a,7962a773-25a0-40e4-979b-ee38d1a51df0,2025-07-11,60.12,2025-07-14T02:32:51.700614,2025-07-14T02:32:51.700614
77ec7243-1a43-40cb-a917-89820aee07dc,7962a773-25a0-40e4-979b-ee38d1a51df0,2025-07-10,61.11,2025-07-14T02:32:51.700614,2025-07-14T02:32:51.700614
8f9a8372-6e41-4079-b7fd-60c5efde972f,7962a773-25a0-40e4-979b-ee38d1a51df0,2025-07-09,55.46,2025-07-14T02:32:51.700614,2025-07-14T02:32:51.700614
6bbd3753-758e-4deb-b9a8-e7726b8192d0,7962a773-25a0-40e4-979b-ee38d1a51df0,2025-07-08,69.35,2025-07-14T02:32:51.700614,2025-07-14T02:32:51.700614
052f539c-f63a-4e71-8dc0-0d3d80f0e8d7,7962a773-25a0-40e4-979b-ee38d1a51df0,2025-07-07,68.39,2025-07-14T02:32:51.700614,2025-07-14T02:32:51.700614
9bfb4146-f575-4e2d-90a1-077a3807759d,7962a773-25a0-40e4-979b-ee38d1a51df0,2025-07-06,63.0,2025-07-14T02:32:51.700614,2025-07-14T02:32:51.700614
a643bc04-18f5-4b7d-9641-f5c806f3b75c,7962a773-25a0-40e4-979b-ee38d1a51df0,2025-07-05,64.38,2025-07-14T02:32:51.700614,2025-07-14T02:32:51.700614
d7eb45c6-a19f-46ef-b9af-40b6c8bb0bde,7962a773-25a0-40e4-979b-ee38d1a51df0,2025-07-04,54.11,2025-07-14T02:32:51.700614,2025-07-14T02:32:51.700614
bea32a0b-478d-425a-be9e-51e7ee2e2446,7962a773-25a0-40e4-979b-ee38d1a51df0,2025-07-03,64.78,2025-07-14T02:32:51.700614,2025-07-14T02:32:51.700614
5d96090c-166b-43e7-85a8-7b8f66b4bf21,7962a773-25a0-40e4-979b-ee38d1a51df0,2025-07-02,67.59,2025-07-14T02:32:51.700614,2025-07-14T02:32:51.700614
61587b46-3acb-4548-91d1-76b85ea85792,7962a773-25a0-40e4-979b-ee38d1a51df0,2025-07-01,65.23,2025-07-14T02:32:51.700614,2025-07-14T02:32:51.700614
762b52fb-214f-431e-b999-625524c83d1a,7962a773-25a0-40e4-979b-ee38d1a51df0,2025-06-30,60.44,2025-07-14T02:32:51.700614,2025-07-14T02:32:51.700614
409de895-d56a-4f7d-8fa2-a953ef108bb9,7962a773-25a0-40e4-979b-ee38d1a51df0,2025-06-29,60.86,2025-07-14T02:32:51.700614,2025-07-14T02:32:51.700614
0845e84d-bd1f-491b-bc03-097f0b398f43,7962a773-25a0-40e4-979b-ee38d1a51df0,2025-06-28,69.88,2025-07-14T02:32:51.700614,2025-07-14T02:32:51.700614
95322b8d-ce6d-48ce-8e5a-342ef9fb5538,7962a773-25a0-40e4-979b-ee38d1a51df0,2025-06-27,62.42,2025-07-14T02:32:51.700614,2025-07-14T02:32:51.700614
ad9ceeef-e9c9-4ee2-90ec-a2e57c46e38f,7962a773-25a0-40e4-979b-ee38d1a51df0,2025-06-26,61.9,2025-07-14T02:32:51.700614,2025-07-14T02:32:51.700614
fc506bca-6433-4eb2-8250-f4af707fa2b0,7962a773-25a0-40e4-979b-ee38d1a51df0,2025-06-25,58.84,2025-07-14T02:32:51.700614,2025-07-14T02:32:51.700614
287c76ed-7daf-4864-851f-2bb2935b3ad7,7962a773-25a0-40e4-979b-ee38d1a51df0,2025-06-24,55.07,2025-07-14T02:32:51.700614,2025-07-14T02:32:51.700614
d4f39df1-453e-4d8d-9d82-c730386d513d,7962a773-25a0-40e4-979b-ee38d1a51df0,2025-06-23,71.39,2025-07-14T02:32:51.700614,2025-07-14T02:32:51.700614
1a1e1139-8c4f-48b4-bcc0-20b62a9274cd,7962a773-25a0-40e4-979b-ee38d1a51df0,2025-06-22,70.13,2025-07-14T02:32:51.700614,2025-07-14T02:32:51.700614
a9b4dbd3-e716-4931-ae7b-d1fd9e9387e0,7962a773-25a0-40e4-979b-ee38d1a51df0,2025-06-21,60.4,2025-07-14T02:32:51.700614,2025-07-14T02:32:51.700614
bc7eafe3-4d10-4159-9665-896596f14ce9,7962a773-25a0-40e4-979b-ee38d1a51df0,2025-06-20,60.06,2025-07-14T02:32:51.700614,2025-07-14T02:32:51.700614
47f100c0-68b9-4f0e-8932-57d756e321f7,7962a773-25a0-40e4-979b-ee38d1a51df0,2025-06-19,55.53,2025-07-14T02:32:51.700614,2025-07-14T02:32:51.700614
c9cc532c-c740-44d4-b9bb-aae430824faa,7962a773-25a0-40e4-979b-ee38d1a51df0,2025-06-18,65.75,2025-07-14T02:32:51.700614,2025-07-14T02:32:51.700614
9c7412a7-0e87-4ce1-a41f-2c00b10689bd,7962a773-25a0-40e4-979b-ee38d1a51df0,2025-06-17,63.9,2025-07-14T02:32:51.700614,2025-07-14T02:32:51.700614
a99b5f4b-f0c9-4acf-aa13-c3cb1a0f8649,7962a773-25a0-40e4-979b-ee38d1a51df0,2025-06-16,72.08,2025-07-14T02:32:51.700614,2025-07-14T02:32:51.700614
4763d49f-0e07-469a-b279-d16bd57e1d54,7962a773-25a0-40e4-979b-ee38d1a51df0,2025-06-15,62.85,2025-07-14T02:32:51.700614,2025-07-14T02:32:51.700614
9e896888-413f-4da0-9910-25eff153f999,7962a773-25a0-40e4-979b-ee38d1a51df0,2025-06-14,66.02,2025-07-14T02:32:51.700614,2025-07-14T02:32:51.700614
7ec4b9a8-d5c8-4a9b-a514-c21d06c1d0b4,7962a773-25a0-40e4-979b-ee38d1a51df0,2025-06-13,61.62,2025-07-14T02:32:51.700614,2025-07-14T02:32:51.700614
9d80365c-6384-4bab-9dd5-48d64e48c8eb,7962a773-25a0-40e4-979b-ee38d1a51df0,2025-06-12,68.64,2025-07-14T02:32:51.700614,2025-07-14T02:32:51.700614
4ca7fb2b-d412-4e62-b715-0898009d69e3,7962a773-25a0-40e4-979b-ee38d1a51df0,2025-06-11,71.79,2025-07-14T02:32:51.700614,2025-07-14T02:32:51.700614
14349149-1cb1-4454-8c2e-d5b6cbb8c0e2,7962a773-25a0-40e4-979b-ee38d1a51df0,2025-06-10,70.73,2025-07-14T02:32:51.700614,2025-07-14T02:32:51.700614
de36c780-a532-4d04-9385-4e7591ed02cd,7962a773-25a0-40e4-979b-ee38d1a51df0,2025-06-09,69.94,2025-07-14T02:32:51.700614,2025-07-14T02:32:51.700614
a7af3949-c8af-4ec6-be34-95ed5315e260,7962a773-25a0-40e4-979b-ee38d1a51df0,2025-06-08,67.41,2025-07-14T02:32:51.700614,2025-07-14T02:32:51.700614
ffdf0b36-54d2-4c69-8647-4d7f48d436cb,7962a773-25a0-40e4-979b-ee38d1a51df0,2025-06-07,64.11,2025-07-14T02:32:51.700614,2025-07-14T02:32:51.700614
6e00728e-d01d-4e10-8e7c-c4ad4b391ca3,7962a773-25a0-40e4-979b-ee38d1a51df0,2025-06-06,64.93,2025-07-14T02:32:51.700614,2025-07-14T02:32:51.700614
3b50f96b-9d2e-4e68-b6a3-9e2b5229be7d,7962a773-25a0-40e4-979b-ee38d1a51df0,2025-06-05,68.75,2025-07-14T02:32:51.700614,2025-07-14T02:32:51.700614
085dad21-5cdc-40af-a090-fefb46dcaacd,7962a773-25a0-40e4-979b-ee38d1a51df0,2025-06-04,70.88,2025-07-14T02:32:51.700614,2025-07-14T02:32:51.700614
fe7a0ec0-817b-4243-a187-a58066d1ea55,7962a773-25a0-40e4-979b-ee38d1a51df0,2025-06-03,69.35,2025-07-14T02:32:51.700614,2025-07-14T02:32:51.700614
079dc9a1-c934-48d2-a1e2-29b4d6e62d05,7962a773-25a0-40e4-979b-ee38d1a51df0,2025-06-02,63.37,2025-07-14T02:32:51.700614,2025-07-14T02:32:51.700614
61aa01ca-f022-4c2a-9136-e85018bbaaaf,7962a773-25a0-40e4-979b-ee38d1a51df0,2025-06-01,70.94,2025-07-14T02:32:51.700614,2025-07-14T02:32:51.700614
fb685b31-b1ba-4f85-ab67-1e951f8bd899,7962a773-25a0-40e4-979b-ee38d1a51df0,2025-05-31,58.64,2025-07-14T02:32:51.700614,2025-07-14T02:32:51.700614
36a6e93e-1f0f-4118-b304-bab46f656736,7962a773-25a0-40e4-979b-ee38d1a51df0,2025-05-30,62.22,2025-07-14T02:32:51.700614,2025-07-14T02:32:51.700614
798c786c-24af-4b6a-9ce6-f9e93c8aa37f,7962a773-25a0-40e4-979b-ee38d1a51df0,2025-05-29,68.68,2025-07-14T02:32:51.700614,2025-07-14T02:32:51.700614
794fbf0e-5499-4b70-a439-580ec945b0ec,7962a773-25a0-40e4-979b-ee38d1a51df0,2025-05-28,58.48,2025-07-14T02:32:51.700614,2025-07-14T02:32:51.700614
8abc32b9-4c1c-48de-9f9d-94eb354a9260,7962a773-25a0-40e4-979b-ee38d1a51df0,2025-05-27,61.33,2025-07-14T02:32:51.700614,2025-07-14T02:32:51.700614
5b22ed92-c22c-487a-b492-63155949e7e6,7962a773-25a0-40e4-979b-ee38d1a51df0,2025-05-26,57.49,2025-07-14T02:32:51.700614,2025-07-14T02:32:51.700614
e8d2d2a5-33ad-476a-ad9e-f40097b00dc1,7962a773-25a0-40e4-979b-ee38d1a51df0,2025-05-25,60.59,2025-07-14T02:32:51.700614,2025-07-14T02:32:51.700614
8d4dbbda-066c-4c76-bcd2-6d7e9db35886,7962a773-25a0-40e4-979b-ee38d1a51df0,2025-05-24,65.92,2025-07-14T02:32:51.700614,2025-07-14T02:32:51.700614
574e9eb5-c7f2-466a-9a24-2ae65893a570,7962a773-25a0-40e4-979b-ee38d1a51df0,2025-05-23,71.05,2025-07-14T02:32:51.700614,2025-07-14T02:32:51.700614
93cd7e2f-754b-4eb9-bbf3-8fe38334ee2c,7962a773-25a0-40e4-979b-ee38d1a51df0,2025-05-22,64.51,2025-07-14T02:32:51.700614,2025-07-14T02:32:51.700614
b021ad92-ab62-4d70-b0bf-a6f5461a56d9,7962a773-25a0-40e4-979b-ee38d1a51df0,2025-05-21,62.12,2025-07-14T02:32:51.700614,2025-07-14T02:32:51.700614
c2d753d7-3364-42db-9ae4-7aa7389d2ada,7962a773-25a0-40e4-979b-ee38d1a51df0,2025-05-20,65.8,2025-07-14T02:32:51.700614,2025-07-14T02:32:51.700614
919b707c-7e3c-4428-b780-2f4252f1d475,7962a773-25a0-40e4-979b-ee38d1a51df0,2025-05-19,65.45,2025-07-14T02:32:51.700614,2025-07-14T02:32:51.700614
a871af03-16ac-4b45-9a4f-cdb0b0f56ad0,7962a773-25a0-40e4-979b-ee38d1a51df0,2025-05-18,59.99,2025-07-14T02:32:51.700614,2025-07-14T02:32:51.700614
601256b0-8143-4552-9fa4-af838044e6d2,7962a773-25a0-40e4-979b-ee38d1a51df0,2025-05-17,59.41,2025-07-14T02:32:51.700614,2025-07-14T02:32:51.700614
4ef9b23a-6cef-403f-8668-fd7537fa14ca,7962a773-25a0-40e4-979b-ee38d1a51df0,2025-05-16,70.51,2025-07-14T02:32:51.700614,2025-07-14T02:32:51.700614
0658246a-56b7-4b76-a973-f4933ae57857,7962a773-25a0-40e4-979b-ee38d1a51df0,2025-05-15,79.84,2025-07-14T02:32:51.700614,2025-07-14T02:32:51.700614
71e508f1-b8cf-470d-941b-5e122b14f5a4,7962a773-25a0-40e4-979b-ee38d1a51df0,2025-05-14,70.1,2025-07-14T02:32:51.700614,2025-07-14T02:32:51.700614
4c27c7ee-613b-4f1e-a481-14844b38fe03,7962a773-25a0-40e4-979b-ee38d1a51df0,2025-05-13,65.73,2025-07-14T02:32:51.700614,2025-07-14T02:32:51.700614
0796477c-1df4-4339-ae95-14919a0c97f2,7962a773-25a0-40e4-979b-ee38d1a51df0,2025-05-12,68.23,2025-07-14T02:32:51.700614,2025-07-14T02:32:51.700614
ceaf2485-12b7-4a55-9c50-4eecde5aa218,7962a773-25a0-40e4-979b-ee38d1a51df0,2025-05-11,59.64,2025-07-14T02:32:51.700614,2025-07-14T02:32:51.700614
a810087e-4d5c-4a0f-a91a-87176a9e7162,7962a773-25a0-40e4-979b-ee38d1a51df0,2025-05-10,68.12,2025-07-14T02:32:51.700614,2025-07-14T02:32:51.700614
baab14fc-5199-460d-a9da-27b72346c800,7962a773-25a0-40e4-979b-ee38d1a51df0,2025-05-09,72.21,2025-07-14T02:32:51.700614,2025-07-14T02:32:51.700614
4d0bd4fd-b749-4b56-b161-e23dbb6e2141,7962a773-25a0-40e4-979b-ee38d1a51df0,2025-05-08,59.23,2025-07-14T02:32:51.700614,2025-07-14T02:32:51.700614
0419c03f-25b6-484d-abdd-bb1a0013bdd2,7962a773-25a0-40e4-979b-ee38d1a51df0,2025-05-07,61.16,2025-07-14T02:32:51.700614,2025-07-14T02:32:51.700614
e925ca9c-bed5-46da-8fa5-29800cdffc0b,7962a773-25a0-40e4-979b-ee38d1a51df0,2025-05-06,65.89,2025-07-14T02:32:51.700614,2025-07-14T02:32:51.700614
8d66ba5d-628d-425b-9d76-a7a9378d7f9c,7962a773-25a0-40e4-979b-ee38d1a51df0,2025-05-05,68.44,2025-07-14T02:32:51.700614,2025-07-14T02:32:51.700614
02b3896b-0366-4e84-8a0f-5893f2ccd24e,7962a773-25a0-40e4-979b-ee38d1a51df0,2025-05-04,64.72,2025-07-14T02:32:51.700614,2025-07-14T02:32:51.700614
e98176fd-819d-499b-a1f2-c4e0b54d8fbc,7962a773-25a0-40e4-979b-ee38d1a51df0,2025-05-03,56.72,2025-07-14T02:32:51.700614,2025-07-14T02:32:51.700614
e5aaefde-60c2-4a9b-af6b-57d696b71312,7962a773-25a0-40e4-979b-ee38d1a51df0,2025-05-02,58.3,2025-07-14T02:32:51.700614,2025-07-14T02:32:51.700614
707c3040-1105-450c-8a2e-521e2d10f136,7962a773-25a0-40e4-979b-ee38d1a51df0,2025-05-01,68.51,2025-07-14T02:32:51.700614,2025-07-14T02:32:51.700614
88f2e0b8-1e9a-4a25-922b-99c8fc29fda5,7962a773-25a0-40e4-979b-ee38d1a51df0,2025-04-30,62.42,2025-07-14T02:32:51.700614,2025-07-14T02:32:51.700614
f9fcc9a3-c837-46ae-8e5e-d24b167e308f,7962a773-25a0-40e4-979b-ee38d1a51df0,2025-04-29,61.76,2025-07-14T02:32:51.700614,2025-07-14T02:32:51.700614
016a18fe-b70d-433f-a5a5-4bbe2806fd7c,7962a773-25a0-40e4-979b-ee38d1a51df0,2025-04-28,64.01,2025-07-14T02:32:51.700614,2025-07-14T02:32:51.700614
8915eb00-4696-44de-a03b-b8d1db0e7656,7962a773-25a0-40e4-979b-ee38d1a51df0,2025-04-27,68.8,2025-07-14T02:32:51.700614,2025-07-14T02:32:51.700614
8928d533-87be-489c-8409-0c185703081c,7962a773-25a0-40e4-979b-ee38d1a51df0,2025-04-26,59.17,2025-07-14T02:32:51.700614,2025-07-14T02:32:51.700614
e59e47a7-5513-4ff1-8886-5b1a7f5bf358,7962a773-25a0-40e4-979b-ee38d1a51df0,2025-04-25,55.71,2025-07-14T02:32:51.700614,2025-07-14T02:32:51.700614
06a9459f-a7cb-4014-ab94-bf88432256f9,7962a773-25a0-40e4-979b-ee38d1a51df0,2025-04-24,73.64,2025-07-14T02:32:51.700614,2025-07-14T02:32:51.700614
f81b42f1-8f53-43c3-8fe2-f8feb885b666,7962a773-25a0-40e4-979b-ee38d1a51df0,2025-04-23,65.5,2025-07-14T02:32:51.700614,2025-07-14T02:32:51.700614
020fc20e-d7d7-446f-bedd-5ec17003183f,7962a773-25a0-40e4-979b-ee38d1a51df0,2025-04-22,65.58,2025-07-14T02:32:51.700614,2025-07-14T02:32:51.700614
c8fdd06c-e070-4f19-b570-a9ee575ff185,7962a773-25a0-40e4-979b-ee38d1a51df0,2025-04-21,56.45,2025-07-14T02:32:51.700614,2025-07-14T02:32:51.700614
6a05be2b-6da4-4449-b9a8-185e3604b8cf,7962a773-25a0-40e4-979b-ee38d1a51df0,2025-04-20,64.81,2025-07-14T02:32:51.700614,2025-07-14T02:32:51.700614
c5a0b146-c6d4-4737-8388-38f8d4a27511,7962a773-25a0-40e4-979b-ee38d1a51df0,2025-04-19,65.69,2025-07-14T02:32:51.700614,2025-07-14T02:32:51.700614
676a1c32-3bed-4d11-877f-4fc16c34aec7,7962a773-25a0-40e4-979b-ee38d1a51df0,2025-04-18,62.74,2025-07-14T02:32:51.700614,2025-07-14T02:32:51.700614
026784f7-ed15-47e3-b3b1-e7e65f670b91,7962a773-25a0-40e4-979b-ee38d1a51df0,2025-04-17,64.29,2025-07-14T02:32:51.700614,2025-07-14T02:32:51.700614
80fd2f3a-5e47-403e-8375-904bce469acb,7962a773-25a0-40e4-979b-ee38d1a51df0,2025-04-16,62.27,2025-07-14T02:32:51.700614,2025-07-14T02:32:51.700614
dc9d65d4-601d-49ac-b288-bc03b8bf0736,cf1bb329-88ef-4e51-a4da-5d75650dad49,2025-07-14,68.99,2025-07-14T02:32:51.700614,2025-07-14T02:32:51.700614
3ed2af01-5e6e-4c0e-b137-8e761c664662,cf1bb329-88ef-4e51-a4da-5d75650dad49,2025-07-13,72.57,2025-07-14T02:32:51.700614,2025-07-14T02:32:51.700614
37d8ed21-b3cf-40e4-bd27-082091df2eff,cf1bb329-88ef-4e51-a4da-5d75650dad49,2025-07-12,80.23,2025-07-14T02:32:51.700614,2025-07-14T02:32:51.700614
671b027e-e6f6-4c8a-94ca-8041cf20f90b,cf1bb329-88ef-4e51-a4da-5d75650dad49,2025-07-11,63.85,2025-07-14T02:32:51.700614,2025-07-14T02:32:51.700614
46802932-d49c-44cd-bb93-c8f73ed48575,cf1bb329-88ef-4e51-a4da-5d75650dad49,2025-07-10,74.84,2025-07-14T02:32:51.700614,2025-07-14T02:32:51.700614
6a8adba4-1d61-4543-ac3b-7e59607bc9c7,cf1bb329-88ef-4e51-a4da-5d75650dad49,2025-07-09,76.86,2025-07-14T02:32:51.700614,2025-07-14T02:32:51.700614
2c7a925d-692c-4408-bc35-5156ed1a2f38,cf1bb329-88ef-4e51-a4da-5d75650dad49,2025-07-08,81.27,2025-07-14T02:32:51.700614,2025-07-14T02:32:51.700614
40c0b7a6-cab6-4ec0-bd35-bef9f22853bc,cf1bb329-88ef-4e51-a4da-5d75650dad49,2025-07-07,68.62,2025-07-14T02:32:51.700614,2025-07-14T02:32:51.700614
88fa6ce1-40a3-4a8d-b069-6251d313fbba,cf1bb329-88ef-4e51-a4da-5d75650dad49,2025-07-06,75.2,2025-07-14T02:32:51.700614,2025-07-14T02:32:51.700614
6f9f1106-9a75-4490-8c3d-196f2f6dc53b,cf1bb329-88ef-4e51-a4da-5d75650dad49,2025-07-05,62.82,2025-07-14T02:32:51.700614,2025-07-14T02:32:51.700614
93cdf3ec-194c-4eba-bad9-0a5e9bcc340d,cf1bb329-88ef-4e51-a4da-5d75650dad49,2025-07-04,72.09,2025-07-14T02:32:51.700614,2025-07-14T02:32:51.700614
3326b9d4-00a9-4a4a-9b1a-4654dbbda443,cf1bb329-88ef-4e51-a4da-5d75650dad49,2025-07-03,65.88,2025-07-14T02:32:51.700614,2025-07-14T02:32:51.700614
6f7f6492-da71-4ebc-a333-9939dbd24768,cf1bb329-88ef-4e51-a4da-5d75650dad49,2025-07-02,73.37,2025-07-14T02:32:51.700614,2025-07-14T02:32:51.700614
27c08e72-fe67-4f50-9cd0-b2d3dde50d3e,cf1bb329-88ef-4e51-a4da-5d75650dad49,2025-07-01,80.15,2025-07-14T02:32:51.700614,2025-07-14T02:32:51.700614
d88aaa8b-b782-4792-a18e-9323dd51b669,cf1bb329-88ef-4e51-a4da-5d75650dad49,2025-06-30,71.11,2025-07-14T02:32:51.700614,2025-07-14T02:32:51.700614
315ba335-57fd-4034-8083-14c8a94caf93,cf1bb329-88ef-4e51-a4da-5d75650dad49,2025-06-29,79.31,2025-07-14T02:32:51.700614,2025-07-14T02:32:51.700614
698d7e31-45c2-4644-ba4d-a429c1169e54,cf1bb329-88ef-4e51-a4da-5d75650dad49,2025-06-28,73.51,2025-07-14T02:32:51.700614,2025-07-14T02:32:51.700614
4c42c3e3-7ad6-4776-89ef-190384136ddc,cf1bb329-88ef-4e51-a4da-5d75650dad49,2025-06-27,76.66,2025-07-14T02:32:51.700614,2025-07-14T02:32:51.700614
0145ee92-1b0e-48e1-8377-ef1d009055c7,cf1bb329-88ef-4e51-a4da-5d75650dad49,2025-06-26,62.12,2025-07-14T02:32:51.700614,2025-07-14T02:32:51.700614
d6c194e0-b527-4dc7-a8bb-b9e1550195bc,cf1bb329-88ef-4e51-a4da-5d75650dad49,2025-06-25,76.99,2025-07-14T02:32:51.700614,2025-07-14T02:32:51.700614
e340f6ca-ea0c-48b1-a544-c5b1df8514c3,cf1bb329-88ef-4e51-a4da-5d75650dad49,2025-06-24,76.26,2025-07-14T02:32:51.700614,2025-07-14T02:32:51.700614
c9f4713d-99f5-45be-8e3e-b407f646a606,cf1bb329-88ef-4e51-a4da-5d75650dad49,2025-06-23,75.54,2025-07-14T02:32:51.700614,2025-07-14T02:32:51.700614
4aa06623-f08d-435a-8a3a-5ae400d7e6c4,cf1bb329-88ef-4e51-a4da-5d75650dad49,2025-06-22,70.28,2025-07-14T02:32:51.700614,2025-07-14T02:32:51.700614
1a4faa95-f5f0-48a8-8370-beb407d0aa4e,cf1bb329-88ef-4e51-a4da-5d75650dad49,2025-06-21,79.16,2025-07-14T02:32:51.700614,2025-07-14T02:32:51.700614
46914b25-ac4d-4fb0-9e83-68f29445968b,cf1bb329-88ef-4e51-a4da-5d75650dad49,2025-06-20,74.14,2025-07-14T02:32:51.700614,2025-07-14T02:32:51.700614
c4085ad6-cbd1-4ef6-b3d8-d0262c5d6dd6,cf1bb329-88ef-4e51-a4da-5d75650dad49,2025-06-19,66.95,2025-07-14T02:32:51.700614,2025-07-14T02:32:51.700614
6dbbd582-c8fe-4fe0-98b7-36f500188299,cf1bb329-88ef-4e51-a4da-5d75650dad49,2025-06-18,63.08,2025-07-14T02:32:51.700614,2025-07-14T02:32:51.700614
8238c61e-020c-45b4-8371-a28d35f2c53d,cf1bb329-88ef-4e51-a4da-5d75650dad49,2025-06-17,70.91,2025-07-14T02:32:51.700614,2025-07-14T02:32:51.700614
aaeafa19-ea65-4af4-af2f-ad35bd29b5b7,cf1bb329-88ef-4e51-a4da-5d75650dad49,2025-06-16,74.54,2025-07-14T02:32:51.700614,2025-07-14T02:32:51.700614
8ba846b9-dc7a-412f-9506-1bd86b911d24,cf1bb329-88ef-4e51-a4da-5d75650dad49,2025-06-15,62.72,2025-07-14T02:32:51.700614,2025-07-14T02:32:51.700614
a55da18c-74b4-4af5-94ee-a904cf1bdfb7,cf1bb329-88ef-4e51-a4da-5d75650dad49,2025-06-14,79.65,2025-07-14T02:32:51.700614,2025-07-14T02:32:51.700614
1d5c06c4-2b48-4bf9-8c80-b5c7d3ff26aa,cf1bb329-88ef-4e51-a4da-5d75650dad49,2025-06-13,75.81,2025-07-14T02:32:51.700614,2025-07-14T02:32:51.700614
bf30238d-4628-4afd-a741-9d6b7f3e64bb,cf1bb329-88ef-4e51-a4da-5d75650dad49,2025-06-12,70.05,2025-07-14T02:32:51.700614,2025-07-14T02:32:51.700614
ab9a977c-d445-48e1-82e3-6e7310794617,cf1bb329-88ef-4e51-a4da-5d75650dad49,2025-06-11,74.48,2025-07-14T02:32:51.700614,2025-07-14T02:32:51.700614
83255ecf-0e38-4670-9ea2-27f28ec561b9,cf1bb329-88ef-4e51-a4da-5d75650dad49,2025-06-10,80.64,2025-07-14T02:32:51.700614,2025-07-14T02:32:51.700614
7dbb9a01-2480-4d66-8989-fe161296894c,cf1bb329-88ef-4e51-a4da-5d75650dad49,2025-06-09,72.33,2025-07-14T02:32:51.700614,2025-07-14T02:32:51.700614
8e8eee77-c6ce-4fac-8cfc-2b2dd0604ef3,cf1bb329-88ef-4e51-a4da-5d75650dad49,2025-06-08,70.18,2025-07-14T02:32:51.700614,2025-07-14T02:32:51.700614
9d124cc6-44f5-43d1-a963-0e818d233eac,cf1bb329-88ef-4e51-a4da-5d75650dad49,2025-06-07,69.37,2025-07-14T02:32:51.700614,2025-07-14T02:32:51.700614
6327d5a1-8154-4e96-9b38-3403c3e131a1,cf1bb329-88ef-4e51-a4da-5d75650dad49,2025-06-06,73.4,2025-07-14T02:32:51.700614,2025-07-14T02:32:51.700614
f765a005-3f57-44eb-9241-205bd3179420,cf1bb329-88ef-4e51-a4da-5d75650dad49,2025-06-05,65.5,2025-07-14T02:32:51.700614,2025-07-14T02:32:51.700614
afcd065f-07ee-4b4e-89f3-1f9372ba78fc,cf1bb329-88ef-4e51-a4da-5d75650dad49,2025-06-04,67.61,2025-07-14T02:32:51.700614,2025-07-14T02:32:51.700614
26cdf3bd-05e6-493b-b340-823ccd578fef,cf1bb329-88ef-4e51-a4da-5d75650dad49,2025-06-03,72.54,2025-07-14T02:32:51.700614,2025-07-14T02:32:51.700614
8258bfb6-1e77-4524-9a1e-3b6d3c1cb36a,cf1bb329-88ef-4e51-a4da-5d75650dad49,2025-06-02,68.13,2025-07-14T02:32:51.700614,2025-07-14T02:32:51.700614
6d69a5ef-a6a0-4ea3-b177-f707463c38da,cf1bb329-88ef-4e51-a4da-5d75650dad49,2025-06-01,75.66,2025-07-14T02:32:51.700614,2025-07-14T02:32:51.700614
470d3760-f9b1-48d9-a5c0-86b0e66f7132,cf1bb329-88ef-4e51-a4da-5d75650dad49,2025-05-31,70.07,2025-07-14T02:32:51.700614,2025-07-14T02:32:51.700614
a148be84-fe35-46e8-896a-11804a25b3a3,cf1bb329-88ef-4e51-a4da-5d75650dad49,2025-05-30,74.8,2025-07-14T02:32:51.700614,2025-07-14T02:32:51.700614
d9dd9d49-c312-4aaf-8900-e72880fe9fce,cf1bb329-88ef-4e51-a4da-5d75650dad49,2025-05-29,70.68,2025-07-14T02:32:51.700614,2025-07-14T02:32:51.700614
a668ccbf-28f0-4055-8731-bfe733d19c11,cf1bb329-88ef-4e51-a4da-5d75650dad49,2025-05-28,68.66,2025-07-14T02:32:51.700614,2025-07-14T02:32:51.700614
85f3a4ad-dbce-4714-bee6-30f6f07e9b2e,cf1bb329-88ef-4e51-a4da-5d75650dad49,2025-05-27,65.39,2025-07-14T02:32:51.700614,2025-07-14T02:32:51.700614
9d69dd0c-3b91-4039-aaa2-998d622bb6cb,cf1bb329-88ef-4e51-a4da-5d75650dad49,2025-05-26,73.28,2025-07-14T02:32:51.700614,2025-07-14T02:32:51.700614
662f725f-b24f-46a8-90ad-87ef63ecb64e,cf1bb329-88ef-4e51-a4da-5d75650dad49,2025-05-25,76.2,2025-07-14T02:32:51.700614,2025-07-14T02:32:51.700614
51aba60e-d078-4169-8156-0ace616fbd09,cf1bb329-88ef-4e51-a4da-5d75650dad49,2025-05-24,64.47,2025-07-14T02:32:51.700614,2025-07-14T02:32:51.700614
a0b4f935-d442-410c-ab03-54a795e5dff5,cf1bb329-88ef-4e51-a4da-5d75650dad49,2025-05-23,82.81,2025-07-14T02:32:51.700614,2025-07-14T02:32:51.700614
020536eb-a0df-455b-9507-4ac13269f79b,cf1bb329-88ef-4e51-a4da-5d75650dad49,2025-05-22,78.6,2025-07-14T02:32:51.700614,2025-07-14T02:32:51.700614
22d49e46-d527-4e70-a7b5-f240f44c6cd7,cf1bb329-88ef-4e51-a4da-5d75650dad49,2025-05-21,81.93,2025-07-14T02:32:51.700614,2025-07-14T02:32:51.700614
654cdbef-4708-4683-8eeb-3aeb2ef49398,cf1bb329-88ef-4e51-a4da-5d75650dad49,2025-05-20,75.11,2025-07-14T02:32:51.700614,2025-07-14T02:32:51.700614
c2d4cec0-5876-4d4c-896e-103623876458,cf1bb329-88ef-4e51-a4da-5d75650dad49,2025-05-19,74.7,2025-07-14T02:32:51.700614,2025-07-14T02:32:51.700614
474461de-a712-4f43-905a-9b29d74b0467,cf1bb329-88ef-4e51-a4da-5d75650dad49,2025-05-18,75.08,2025-07-14T02:32:51.700614,2025-07-14T02:32:51.700614
78f4d568-888f-40e3-b38f-419aea1823d4,cf1bb329-88ef-4e51-a4da-5d75650dad49,2025-05-17,85.86,2025-07-14T02:32:51.700614,2025-07-14T02:32:51.700614
32d8d2b0-53b7-47a3-a0c2-2403f7120f0c,cf1bb329-88ef-4e51-a4da-5d75650dad49,2025-05-16,77.38,2025-07-14T02:32:51.700614,2025-07-14T02:32:51.700614
6ce5621b-8093-4933-8d1a-0ab4c187c3c5,cf1bb329-88ef-4e51-a4da-5d75650dad49,2025-05-15,69.36,2025-07-14T02:32:51.700614,2025-07-14T02:32:51.700614
effc331e-60f3-480c-abc0-6359df9769d5,cf1bb329-88ef-4e51-a4da-5d75650dad49,2025-05-14,72.47,2025-07-14T02:32:51.700614,2025-07-14T02:32:51.700614
814bd437-3ac0-488d-b11b-79dc272207c5,cf1bb329-88ef-4e51-a4da-5d75650dad49,2025-05-13,77.53,2025-07-14T02:32:51.700614,2025-07-14T02:32:51.700614
26f7e8a8-d5cb-4664-b7cf-7105e1747318,cf1bb329-88ef-4e51-a4da-5d75650dad49,2025-05-12,73.42,2025-07-14T02:32:51.700614,2025-07-14T02:32:51.700614
e83e09e1-9591-4e18-970c-d779f667683b,cf1bb329-88ef-4e51-a4da-5d75650dad49,2025-05-11,72.95,2025-07-14T02:32:51.700614,2025-07-14T02:32:51.700614
c95fb66a-c69a-44e3-8723-a07092a6ac42,cf1bb329-88ef-4e51-a4da-5d75650dad49,2025-05-10,71.19,2025-07-14T02:32:51.700614,2025-07-14T02:32:51.700614
bd7a3168-20a1-46f2-b8bf-75103e7b02b3,cf1bb329-88ef-4e51-a4da-5d75650dad49,2025-05-09,74.21,2025-07-14T02:32:51.700614,2025-07-14T02:32:51.700614
8eb0822e-fb4e-4426-bb67-9451d0ef9b60,cf1bb329-88ef-4e51-a4da-5d75650dad49,2025-05-08,68.49,2025-07-14T02:32:51.700614,2025-07-14T02:32:51.700614
f7b22a66-8c6b-490b-92e2-6dd198fce298,cf1bb329-88ef-4e51-a4da-5d75650dad49,2025-05-07,82.19,2025-07-14T02:32:51.700614,2025-07-14T02:32:51.700614
35390f98-5100-4a33-9cdd-a05eea9ac435,cf1bb329-88ef-4e51-a4da-5d75650dad49,2025-05-06,71.93,2025-07-14T02:32:51.700614,2025-07-14T02:32:51.700614
395e14e2-3217-4e3b-903c-a70b720f0826,cf1bb329-88ef-4e51-a4da-5d75650dad49,2025-05-05,73.81,2025-07-14T02:32:51.700614,2025-07-14T02:32:51.700614
fddd51f7-41a3-442b-989f-0111bc6775a2,cf1bb329-88ef-4e51-a4da-5d75650dad49,2025-05-04,71.17,2025-07-14T02:32:51.700614,2025-07-14T02:32:51.700614
2f48c9f7-3c9f-4262-8a3a-12c494b95306,cf1bb329-88ef-4e51-a4da-5d75650dad49,2025-05-03,66.22,2025-07-14T02:32:51.700614,2025-07-14T02:32:51.700614
e1961118-6b60-4110-83ea-b0cfd9f698b9,cf1bb329-88ef-4e51-a4da-5d75650dad49,2025-05-02,78.12,2025-07-14T02:32:51.700614,2025-07-14T02:32:51.700614
3c7f0a88-0499-4fca-b93c-65ccd2952e03,cf1bb329-88ef-4e51-a4da-5d75650dad49,2025-05-01,79.69,2025-07-14T02:32:51.700614,2025-07-14T02:32:51.700614
b294d709-b6dd-4a05-8f4d-20f78fa17ad3,cf1bb329-88ef-4e51-a4da-5d75650dad49,2025-04-30,63.72,2025-07-14T02:32:51.700614,2025-07-14T02:32:51.700614
1ae15bc3-b86f-4f45-af34-29203bcfbfd1,cf1bb329-88ef-4e51-a4da-5d75650dad49,2025-04-29,68.48,2025-07-14T02:32:51.700614,2025-07-14T02:32:51.700614
84956bd9-ec9f-43a8-a8b9-6ccf38c6a8a4,cf1bb329-88ef-4e51-a4da-5d75650dad49,2025-04-28,69.99,2025-07-14T02:32:51.700614,2025-07-14T02:32:51.700614
47abcd47-ef34-4bcd-ba0d-bd40ad19a10b,cf1bb329-88ef-4e51-a4da-5d75650dad49,2025-04-27,70.56,2025-07-14T02:32:51.700614,2025-07-14T02:32:51.700614
f641d9d5-be21-47ee-93c7-e2604629b492,cf1bb329-88ef-4e51-a4da-5d75650dad49,2025-04-26,79.23,2025-07-14T02:32:51.700614,2025-07-14T02:32:51.700614
0691134a-9333-4edc-a047-676cb95482ec,cf1bb329-88ef-4e51-a4da-5d75650dad49,2025-04-25,69.77,2025-07-14T02:32:51.700614,2025-07-14T02:32:51.700614
a07d7d74-4158-461a-9e43-621ed346d500,cf1bb329-88ef-4e51-a4da-5d75650dad49,2025-04-24,68.93,2025-07-14T02:32:51.700614,2025-07-14T02:32:51.700614
dad736a8-1a75-4f84-a1fd-888e734004eb,cf1bb329-88ef-4e51-a4da-5d75650dad49,2025-04-23,72.4,2025-07-14T02:32:51.700614,2025-07-14T02:32:51.700614
604bff04-b3c7-4707-b5d1-41ecf027189d,cf1bb329-88ef-4e51-a4da-5d75650dad49,2025-04-22,75.17,2025-07-14T02:32:51.700614,2025-07-14T02:32:51.700614
be4e0577-1f93-4441-988e-fb6e2d5f3143,cf1bb329-88ef-4e51-a4da-5d75650dad49,2025-04-21,73.07,2025-07-14T02:32:51.700614,2025-07-14T02:32:51.700614
0a81d624-2cc1-4ad4-8bad-e7f8eac57266,cf1bb329-88ef-4e51-a4da-5d75650dad49,2025-04-20,75.8,2025-07-14T02:32:51.700614,2025-07-14T02:32:51.700614
e0b53837-d922-4631-99b5-9299da474d65,cf1bb329-88ef-4e51-a4da-5d75650dad49,2025-04-19,73.17,2025-07-14T02:32:51.700614,2025-07-14T02:32:51.700614
c53ade58-20b8-48c5-8673-b340ecfbc5e4,cf1bb329-88ef-4e51-a4da-5d75650dad49,2025-04-18,64.64,2025-07-14T02:32:51.700614,2025-07-14T02:32:51.700614
dd7f3fa3-27e3-418d-8b7c-5cf16db36956,cf1bb329-88ef-4e51-a4da-5d75650dad49,2025-04-17,77.93,2025-07-14T02:32:51.700614,2025-07-14T02:32:51.700614
a31a0695-a57a-441a-8e00-762f6b59f777,cf1bb329-88ef-4e51-a4da-5d75650dad49,2025-04-16,66.72,2025-07-14T02:32:51.700614,2025-07-14T02:32:51.700614
31a8c957-2d0d-43e7-8046-09f1339e2db2,9e7b97fd-8ce9-4fc2-bb17-5535b5273d47,2025-07-14,160.46,2025-07-14T02:32:51.700614,2025-07-14T02:32:51.700614
25f1441c-5aa0-4b32-a23a-a2e3b5d3a820,9e7b97fd-8ce9-4fc2-bb17-5535b5273d47,2025-07-13,160.58,2025-07-14T02:32:51.700614,2025-07-14T02:32:51.700614
892af13a-2ad5-4e65-900c-d60c83352ca2,9e7b97fd-8ce9-4fc2-bb17-5535b5273d47,2025-07-12,164.46,2025-07-14T02:32:51.700614,2025-07-14T02:32:51.700614
61658363-0128-4f26-8a6b-0701f27f0493,9e7b97fd-8ce9-4fc2-bb17-5535b5273d47,2025-07-11,160.38,2025-07-14T02:32:51.700614,2025-07-14T02:32:51.700614
2b49a06e-e3e4-44d4-a62b-4da34dad7a6c,9e7b97fd-8ce9-4fc2-bb17-5535b5273d47,2025-07-10,158.19,2025-07-14T02:32:51.700614,2025-07-14T02:32:51.700614
5f2d0628-c2fe-47c5-96c5-a3e0c882fecb,9e7b97fd-8ce9-4fc2-bb17-5535b5273d47,2025-07-09,154.85,2025-07-14T02:32:51.700614,2025-07-14T02:32:51.700614
75394d69-092d-4939-9b32-25d120e0ff8d,9e7b97fd-8ce9-4fc2-bb17-5535b5273d47,2025-07-08,163.25,2025-07-14T02:32:51.700614,2025-07-14T02:32:51.700614
3f1efdd2-3ff4-4668-aca5-7b3183ab1509,9e7b97fd-8ce9-4fc2-bb17-5535b5273d47,2025-07-07,154.14,2025-07-14T02:32:51.700614,2025-07-14T02:32:51.700614
14dc1b13-4bbf-4d87-988c-2d626df8332a,9e7b97fd-8ce9-4fc2-bb17-5535b5273d47,2025-07-06,165.68,2025-07-14T02:32:51.700614,2025-07-14T02:32:51.700614
b75d6eb9-2555-481d-8bbf-9311652b02c0,9e7b97fd-8ce9-4fc2-bb17-5535b5273d47,2025-07-05,171.45,2025-07-14T02:32:51.700614,2025-07-14T02:32:51.700614
984384f1-6db9-4520-9f6c-012bb6f61944,9e7b97fd-8ce9-4fc2-bb17-5535b5273d47,2025-07-04,148.54,2025-07-14T02:32:51.700614,2025-07-14T02:32:51.700614
e62a5612-52cd-437f-be9d-71646e94d212,9e7b97fd-8ce9-4fc2-bb17-5535b5273d47,2025-07-03,161.96,2025-07-14T02:32:51.700614,2025-07-14T02:32:51.700614
8ee89251-ea78-4ecc-a99a-fcbb1e06baec,9e7b97fd-8ce9-4fc2-bb17-5535b5273d47,2025-07-02,161.35,2025-07-14T02:32:51.700614,2025-07-14T02:32:51.700614
3318a335-58dd-44eb-94f8-ecd665dff7aa,9e7b97fd-8ce9-4fc2-bb17-5535b5273d47,2025-07-01,159.77,2025-07-14T02:32:51.700614,2025-07-14T02:32:51.700614
6b106a36-f1d0-4cf5-bd8a-b8435277f505,9e7b97fd-8ce9-4fc2-bb17-5535b5273d47,2025-06-30,155.17,2025-07-14T02:32:51.700614,2025-07-14T02:32:51.700614
5401881e-b192-4eb8-b7aa-e7bc1c254fd3,9e7b97fd-8ce9-4fc2-bb17-5535b5273d47,2025-06-29,169.96,2025-07-14T02:32:51.700614,2025-07-14T02:32:51.700614
aa79e22b-7faa-406e-8f58-7e4a06a52511,9e7b97fd-8ce9-4fc2-bb17-5535b5273d47,2025-06-28,168.06,2025-07-14T02:32:51.700614,2025-07-14T02:32:51.700614
adc3234b-365d-4af0-96ed-1b5a6c38d440,9e7b97fd-8ce9-4fc2-bb17-5535b5273d47,2025-06-27,150.82,2025-07-14T02:32:51.700614,2025-07-14T02:32:51.700614
e30c077b-dd57-4c54-a5c7-c3105cbecf08,9e7b97fd-8ce9-4fc2-bb17-5535b5273d47,2025-06-26,159.72,2025-07-14T02:32:51.700614,2025-07-14T02:32:51.700614
0557b4e8-d40b-45df-8688-4f96bc629682,9e7b97fd-8ce9-4fc2-bb17-5535b5273d47,2025-06-25,163.46,2025-07-14T02:32:51.700614,2025-07-14T02:32:51.700614
25481da7-9237-41cb-b473-538845329671,9e7b97fd-8ce9-4fc2-bb17-5535b5273d47,2025-06-24,156.04,2025-07-14T02:32:51.700614,2025-07-14T02:32:51.700614
fc567f94-8367-4dc5-83b0-3a45322bc2d0,9e7b97fd-8ce9-4fc2-bb17-5535b5273d47,2025-06-23,152.9,2025-07-14T02:32:51.700614,2025-07-14T02:32:51.700614
b14e388b-39a1-46c0-8832-0f908f5f05e5,9e7b97fd-8ce9-4fc2-bb17-5535b5273d47,2025-06-22,153.51,2025-07-14T02:32:51.700614,2025-07-14T02:32:51.700614
73370833-0e98-4102-b6ae-558e6080397e,9e7b97fd-8ce9-4fc2-bb17-5535b5273d47,2025-06-21,156.43,2025-07-14T02:32:51.700614,2025-07-14T02:32:51.700614
adf79ebd-fb70-4e4b-a02d-4e286f84c6da,9e7b97fd-8ce9-4fc2-bb17-5535b5273d47,2025-06-20,167.03,2025-07-14T02:32:51.700614,2025-07-14T02:32:51.700614
dfc45d3b-bfef-4192-888d-9d013015265d,9e7b97fd-8ce9-4fc2-bb17-5535b5273d47,2025-06-19,158.28,2025-07-14T02:32:51.700614,2025-07-14T02:32:51.700614
0d6440f5-9e76-4fc6-a57a-83446ac93976,9e7b97fd-8ce9-4fc2-bb17-5535b5273d47,2025-06-18,151.53,2025-07-14T02:32:51.700614,2025-07-14T02:32:51.700614
693a231b-f327-40df-981e-cf0350f73593,9e7b97fd-8ce9-4fc2-bb17-5535b5273d47,2025-06-17,155.93,2025-07-14T02:32:51.700614,2025-07-14T02:32:51.700614
31483776-90a2-4490-b767-0b7988ef76bc,9e7b97fd-8ce9-4fc2-bb17-5535b5273d47,2025-06-16,155.74,2025-07-14T02:32:51.700614,2025-07-14T02:32:51.700614
54232d5f-0cea-41f8-8135-182bc680ea25,9e7b97fd-8ce9-4fc2-bb17-5535b5273d47,2025-06-15,153.44,2025-07-14T02:32:51.700614,2025-07-14T02:32:51.700614
a41de392-3fc2-431d-a5d8-56ee5412fd57,9e7b97fd-8ce9-4fc2-bb17-5535b5273d47,2025-06-14,156.96,2025-07-14T02:32:51.700614,2025-07-14T02:32:51.700614
2832a860-b257-4970-9a10-80ff8c391931,9e7b97fd-8ce9-4fc2-bb17-5535b5273d47,2025-06-13,156.46,2025-07-14T02:32:51.700614,2025-07-14T02:32:51.700614
8137db61-6c26-4615-9585-47519b6ba3b8,9e7b97fd-8ce9-4fc2-bb17-5535b5273d47,2025-06-12,158.83,2025-07-14T02:32:51.700614,2025-07-14T02:32:51.700614
29358358-6d7f-4994-b135-2152067ac553,9e7b97fd-8ce9-4fc2-bb17-5535b5273d47,2025-06-11,158.28,2025-07-14T02:32:51.700614,2025-07-14T02:32:51.700614
25e7b452-6c49-418b-8919-26bb35d2f3ff,9e7b97fd-8ce9-4fc2-bb17-5535b5273d47,2025-06-10,159.76,2025-07-14T02:32:51.700614,2025-07-14T02:32:51.700614
b71b6ae9-3350-40e0-a64b-3f2ec6f13483,9e7b97fd-8ce9-4fc2-bb17-5535b5273d47,2025-06-09,163.7,2025-07-14T02:32:51.700614,2025-07-14T02:32:51.700614
c1c1544d-3801-4990-8401-54c543db742c,9e7b97fd-8ce9-4fc2-bb17-5535b5273d47,2025-06-08,161.06,2025-07-14T02:32:51.700614,2025-07-14T02:32:51.700614
5bf6734a-2200-44d6-9dc5-30947215885e,9e7b97fd-8ce9-4fc2-bb17-5535b5273d47,2025-06-07,158.93,2025-07-14T02:32:51.700614,2025-07-14T02:32:51.700614
4a519b11-5679-4d8d-b68d-c89911339b1a,9e7b97fd-8ce9-4fc2-bb17-5535b5273d47,2025-06-06,156.45,2025-07-14T02:32:51.700614,2025-07-14T02:32:51.700614
42718ef4-2774-4c25-9aed-d8305c04ef36,9e7b97fd-8ce9-4fc2-bb17-5535b5273d47,2025-06-05,155.74,2025-07-14T02:32:51.700614,2025-07-14T02:32:51.700614
b039aab9-866d-4035-9be7-182a87b2b8af,9e7b97fd-8ce9-4fc2-bb17-5535b5273d47,2025-06-04,159.89,2025-07-14T02:32:51.700614,2025-07-14T02:32:51.700614
3bf6e76a-f229-476c-979d-2a918467f500,9e7b97fd-8ce9-4fc2-bb17-5535b5273d47,2025-06-03,157.63,2025-07-14T02:32:51.700614,2025-07-14T02:32:51.700614
f46c2c4c-59e1-48f6-9572-bdea0d56af18,9e7b97fd-8ce9-4fc2-bb17-5535b5273d47,2025-06-02,164.22,2025-07-14T02:32:51.700614,2025-07-14T02:32:51.700614
f97b3f99-779e-439c-a189-a34535b125ae,9e7b97fd-8ce9-4fc2-bb17-5535b5273d47,2025-06-01,149.15,2025-07-14T02:32:51.700614,2025-07-14T02:32:51.700614
4668fcda-9590-4b8f-95ba-94633f9b5cc4,9e7b97fd-8ce9-4fc2-bb17-5535b5273d47,2025-05-31,171.19,2025-07-14T02:32:51.700614,2025-07-14T02:32:51.700614
cdda0a06-0df6-479a-abfa-6c07272beb88,9e7b97fd-8ce9-4fc2-bb17-5535b5273d47,2025-05-30,169.02,2025-07-14T02:32:51.700614,2025-07-14T02:32:51.700614
ce0d049d-0436-4e89-8a80-a9c8211b6d57,9e7b97fd-8ce9-4fc2-bb17-5535b5273d47,2025-05-29,164.02,2025-07-14T02:32:51.700614,2025-07-14T02:32:51.700614
ca0535ca-ba95-4f54-b4bf-f73e45bdbf8e,9e7b97fd-8ce9-4fc2-bb17-5535b5273d47,2025-05-28,155.57,2025-07-14T02:32:51.700614,2025-07-14T02:32:51.700614
967881f0-3ce8-49c0-a305-be0c0b30e70f,9e7b97fd-8ce9-4fc2-bb17-5535b5273d47,2025-05-27,156.6,2025-07-14T02:32:51.700614,2025-07-14T02:32:51.700614
44d2abde-a308-4d80-9e6e-2faf9d61647b,9e7b97fd-8ce9-4fc2-bb17-5535b5273d47,2025-05-26,156.58,2025-07-14T02:32:51.700614,2025-07-14T02:32:51.700614
50f13975-0c13-4f56-a6a8-6de48f043dd5,9e7b97fd-8ce9-4fc2-bb17-5535b5273d47,2025-05-25,161.34,2025-07-14T02:32:51.700614,2025-07-14T02:32:51.700614
3cc4131a-cd57-465d-ac41-1c3b845221b8,9e7b97fd-8ce9-4fc2-bb17-5535b5273d47,2025-05-24,160.1,2025-07-14T02:32:51.700614,2025-07-14T02:32:51.700614
fcec05cf-bb04-4918-b68a-d3b0a9789925,9e7b97fd-8ce9-4fc2-bb17-5535b5273d47,2025-05-23,149.96,2025-07-14T02:32:51.700614,2025-07-14T02:32:51.700614
5b626295-f58c-4d34-85f3-504290c11ed3,9e7b97fd-8ce9-4fc2-bb17-5535b5273d47,2025-05-22,164.72,2025-07-14T02:32:51.700614,2025-07-14T02:32:51.700614
b5992c87-c759-4009-b661-50764c43a83a,9e7b97fd-8ce9-4fc2-bb17-5535b5273d47,2025-05-21,156.44,2025-07-14T02:32:51.700614,2025-07-14T02:32:51.700614
7a63df4e-b4bf-434f-9f5a-2961caa7d394,9e7b97fd-8ce9-4fc2-bb17-5535b5273d47,2025-05-20,157.84,2025-07-14T02:32:51.700614,2025-07-14T02:32:51.700614
7fc737b9-276e-49a3-9b59-1980357d2893,9e7b97fd-8ce9-4fc2-bb17-5535b5273d47,2025-05-19,159.75,2025-07-14T02:32:51.700614,2025-07-14T02:32:51.700614
f902e231-2372-4225-b9d9-fdd0a44b90af,9e7b97fd-8ce9-4fc2-bb17-5535b5273d47,2025-05-18,157.33,2025-07-14T02:32:51.700614,2025-07-14T02:32:51.700614
a4850844-4a66-4463-94ff-857bb7330403,9e7b97fd-8ce9-4fc2-bb17-5535b5273d47,2025-05-17,159.08,2025-07-14T02:32:51.700614,2025-07-14T02:32:51.700614
2253fff4-844c-4537-b8ea-8a998f6d7fb5,9e7b97fd-8ce9-4fc2-bb17-5535b5273d47,2025-05-16,162.76,2025-07-14T02:32:51.700614,2025-07-14T02:32:51.700614
2f55aa4b-623d-4541-bd64-e5becca1a4c6,9e7b97fd-8ce9-4fc2-bb17-5535b5273d47,2025-05-15,152.61,2025-07-14T02:32:51.700614,2025-07-14T02:32:51.700614
0d5527cd-4a3b-4b42-b60c-c6e546aa4c71,9e7b97fd-8ce9-4fc2-bb17-5535b5273d47,2025-05-14,170.48,2025-07-14T02:32:51.700614,2025-07-14T02:32:51.700614
e30dc6cf-6cda-48d7-aff3-e1dfe22de4ee,9e7b97fd-8ce9-4fc2-bb17-5535b5273d47,2025-05-13,162.07,2025-07-14T02:32:51.700614,2025-07-14T02:32:51.700614
102a79e5-39a9-47a4-ac99-5e3ffc8e1e5b,9e7b97fd-8ce9-4fc2-bb17-5535b5273d47,2025-05-12,169.52,2025-07-14T02:32:51.700614,2025-07-14T02:32:51.700614
2ec5c21b-560b-4775-8dd2-4d53c93b33f7,9e7b97fd-8ce9-4fc2-bb17-5535b5273d47,2025-05-11,158.69,2025-07-14T02:32:51.700614,2025-07-14T02:32:51.700614
d9567fe7-d7f8-41b9-8839-cc527028122e,9e7b97fd-8ce9-4fc2-bb17-5535b5273d47,2025-05-10,151.32,2025-07-14T02:32:51.700614,2025-07-14T02:32:51.700614
66f5dbcf-e23c-40f4-8da9-51527a3cc591,9e7b97fd-8ce9-4fc2-bb17-5535b5273d47,2025-05-09,165.94,2025-07-14T02:32:51.700614,2025-07-14T02:32:51.700614
a9b17480-1e21-4605-af46-31d67832e006,9e7b97fd-8ce9-4fc2-bb17-5535b5273d47,2025-05-08,160.15,2025-07-14T02:32:51.700614,2025-07-14T02:32:51.700614
d76d3454-f9bc-4c9c-af15-c22bd58f0129,9e7b97fd-8ce9-4fc2-bb17-5535b5273d47,2025-05-07,161.29,2025-07-14T02:32:51.700614,2025-07-14T02:32:51.700614
ac374e50-aa3e-4e81-bd50-04912727eab4,9e7b97fd-8ce9-4fc2-bb17-5535b5273d47,2025-05-06,162.86,2025-07-14T02:32:51.700614,2025-07-14T02:32:51.700614
1ec95d54-e3ed-4902-86b4-9064711219fa,9e7b97fd-8ce9-4fc2-bb17-5535b5273d47,2025-05-05,163.88,2025-07-14T02:32:51.700614,2025-07-14T02:32:51.700614
d44d59b6-0705-4e73-ab1e-5628c3902d5b,9e7b97fd-8ce9-4fc2-bb17-5535b5273d47,2025-05-04,161.71,2025-07-14T02:32:51.700614,2025-07-14T02:32:51.700614
025028af-e017-4f8e-a1ae-4662d31a2f63,9e7b97fd-8ce9-4fc2-bb17-5535b5273d47,2025-05-03,163.78,2025-07-14T02:32:51.700614,2025-07-14T02:32:51.700614
f28b0ee1-0dc0-4eed-830e-b207ad1d8098,9e7b97fd-8ce9-4fc2-bb17-5535b5273d47,2025-05-02,163.15,2025-07-14T02:32:51.700614,2025-07-14T02:32:51.700614
4be7da47-3f16-45d4-a618-8e5614b8ad3d,9e7b97fd-8ce9-4fc2-bb17-5535b5273d47,2025-05-01,162.87,2025-07-14T02:32:51.700614,2025-07-14T02:32:51.700614
3064ec21-681d-4ff4-ae42-d23fa5f28e14,9e7b97fd-8ce9-4fc2-bb17-5535b5273d47,2025-04-30,169.29,2025-07-14T02:32:51.700614,2025-07-14T02:32:51.700614
b06055a5-23a3-4a16-9699-d4dca7d1584d,9e7b97fd-8ce9-4fc2-bb17-5535b5273d47,2025-04-29,149.56,2025-07-14T02:32:51.700614,2025-07-14T02:32:51.700614
a0c28a94-b88c-4435-a51b-19cfd5b07281,9e7b97fd-8ce9-4fc2-bb17-5535b5273d47,2025-04-28,157.63,2025-07-14T02:32:51.700614,2025-07-14T02:32:51.700614
8d298597-3143-4d9d-b9ae-5dc1f1e61e64,9e7b97fd-8ce9-4fc2-bb17-5535b5273d47,2025-04-27,165.6,2025-07-14T02:32:51.700614,2025-07-14T02:32:51.700614
1a8870f7-9c27-440b-ac90-09f5d0805606,9e7b97fd-8ce9-4fc2-bb17-5535b5273d47,2025-04-26,170.81,2025-07-14T02:32:51.700614,2025-07-14T02:32:51.700614
c352be88-b971-4211-8b40-7e81cc7906d5,9e7b97fd-8ce9-4fc2-bb17-5535b5273d47,2025-04-25,160.08,2025-07-14T02:32:51.700614,2025-07-14T02:32:51.700614
69e2710d-5dcb-4b52-9e11-812788bca2a1,9e7b97fd-8ce9-4fc2-bb17-5535b5273d47,2025-04-24,161.2,2025-07-14T02:32:51.700614,2025-07-14T02:32:51.700614
d5215df5-3ba3-4685-b454-cc9f74a354c5,9e7b97fd-8ce9-4fc2-bb17-5535b5273d47,2025-04-23,158.94,2025-07-14T02:32:51.700614,2025-07-14T02:32:51.700614
206d62f3-01ba-4aa6-b94c-4a1ea1537a3a,9e7b97fd-8ce9-4fc2-bb17-5535b5273d47,2025-04-22,155.76,2025-07-14T02:32:51.700614,2025-07-14T02:32:51.700614
437fa9a8-afeb-4429-85f1-46c0d86c1e41,9e7b97fd-8ce9-4fc2-bb17-5535b5273d47,2025-04-21,160.03,2025-07-14T02:32:51.700614,2025-07-14T02:32:51.700614
2c1f3792-11c1-43de-8c43-6ffec6bb5903,9e7b97fd-8ce9-4fc2-bb17-5535b5273d47,2025-04-20,161.94,2025-07-14T02:32:51.700614,2025-07-14T02:32:51.700614
ca37fbf5-146f-4129-99c0-601b603c9abf,9e7b97fd-8ce9-4fc2-bb17-5535b5273d47,2025-04-19,145.93,2025-07-14T02:32:51.700614,2025-07-14T02:32:51.700614
c0ce811f-863e-4678-a6cd-7971dd21a580,9e7b97fd-8ce9-4fc2-bb17-5535b5273d47,2025-04-18,166.31,2025-07-14T02:32:51.700614,2025-07-14T02:32:51.700614
9182fa74-4e5c-4a11-8d29-6a270a860439,9e7b97fd-8ce9-4fc2-bb17-5535b5273d47,2025-04-17,158.86,2025-07-14T02:32:51.700614,2025-07-14T02:32:51.700614
5cc7f66e-cc96-4383-8ffd-61be8c53504e,9e7b97fd-8ce9-4fc2-bb17-5535b5273d47,2025-04-16,153.77,2025-07-14T02:32:51.700614,2025-07-14T02:32:51.700614
